0xeeeeeeeeeeeeeeeeeeeeeeeeeeeeeeeeeeeeeeee,0x1af3f329e8be154074d8769d1ffa4ee058b1dbc3,false,-16546083799272671,1275684000000000,-17821767799272671
0x2170ed0880ac9a755fd29b2688956bd959f933f8,0x1af3f329e8be154074d8769d1ffa4ee058b1dbc3,false,-24402756573219955,159070721911369,-24561827295131324
0xeeeeeeeeeeeeeeeeeeeeeeeeeeeeeeeeeeeeeeee,0xe9e7cea3dedca5984780bafc599bd69add087d56,false,-5552547465795334,1350684000000000,-6903231465795334
0xeeeeeeeeeeeeeeeeeeeeeeeeeeeeeeeeeeeeeeee,0x8ac76a51cc950d9822d68b83fe1ad97b32cd580d,false,-611814335890579,1543184000000000,-2154998335890579
0xeeeeeeeeeeeeeeeeeeeeeeeeeeeeeeeeeeeeeeee,0x55d398326f99059ff775485246999027b3197955,false,-1358416646217219,1350684000000000,-2709100646217219
0xeeeeeeeeeeeeeeeeeeeeeeeeeeeeeeeeeeeeeeee,0x1af3f329e8be154074d8769d1ffa4ee058b1dbc3,false,-5613439670882114,1275684000000000,-6889123670882114
0x2170ed0880ac9a755fd29b2688956bd959f933f8,0x1af3f329e8be154074d8769d1ffa4ee058b1dbc3,false,-24402756573219955,159070721911369,-24561827295131324
0x3ee2200efb3400fabb9aacf31297cbdd1d435d47,0x1af3f329e8be154074d8769d1ffa4ee058b1dbc3,false,158132691207916751,184571898574683939,-26439207366767188
0xeeeeeeeeeeeeeeeeeeeeeeeeeeeeeeeeeeeeeeee,0xe9e7cea3dedca5984780bafc599bd69add087d56,false,-2202069800918625,1543184000000000,-3745253800918625
0x3ee2200efb3400fabb9aacf31297cbdd1d435d47,0xe9e7cea3dedca5984780bafc599bd69add087d56,true,182308855029440813,143667910536576437,38640944492864376
0x2170ed0880ac9a755fd29b2688956bd959f933f8,0xe9e7cea3dedca5984780bafc599bd69add087d56,false,-21417520093229905,209836728010299,-21627356821240204
0xeeeeeeeeeeeeeeeeeeeeeeeeeeeeeeeeeeeeeeee,0x8ac76a51cc950d9822d68b83fe1ad97b32cd580d,false,-611826786533452,1543184000000000,-2155010786533452
0x2170ed0880ac9a755fd29b2688956bd959f933f8,0x8ac76a51cc950d9822d68b83fe1ad97b32cd580d,false,-23283112585858935,239397202612648,-23522509788471583
0x2170ed0880ac9a755fd29b2688956bd959f933f8,0x1af3f329e8be154074d8769d1ffa4ee058b1dbc3,false,-24402756573219955,159070721911369,-24561827295131324
0xbb4cdb9cbd36b01bd1cbaebf2de08d9173bc095c,0x1af3f329e8be154074d8769d1ffa4ee058b1dbc3,true,10580212870537049,1628662000000000,8951550870537049
0x2170ed0880ac9a755fd29b2688956bd959f933f8,0xe9e7cea3dedca5984780bafc599bd69add087d56,false,-21625660649386881,183061059361389,-21808721708748270
0xbb4cdb9cbd36b01bd1cbaebf2de08d9173bc095c,0xe9e7cea3dedca5984780bafc599bd69add087d56,true,14983678329291848,1839618000000000,13144060329291848
0xeeeeeeeeeeeeeeeeeeeeeeeeeeeeeeeeeeeeeeee,0x1af3f329e8be154074d8769d1ffa4ee058b1dbc3,true,7272669268744415,916750000000000,6355919268744415
0x3ee2200efb3400fabb9aacf31297cbdd1d435d47,0x1af3f329e8be154074d8769d1ffa4ee058b1dbc3,false,170294833838049473,184571898574683939,-14277064736634466
0xbb4cdb9cbd36b01bd1cbaebf2de08d9173bc095c,0x1af3f329e8be154074d8769d1ffa4ee058b1dbc3,true,7272669268744415,896750000000000,6375919268744415
0x2170ed0880ac9a755fd29b2688956bd959f933f8,0x1af3f329e8be154074d8769d1ffa4ee058b1dbc3,false,-24174809338259120,159070721911369,-24333880060170489
0xeeeeeeeeeeeeeeeeeeeeeeeeeeeeeeeeeeeeeeee,0xe9e7cea3dedca5984780bafc599bd69add087d56,true,9101520665213605,531750000000000,8569770665213605
0x3ee2200efb3400fabb9aacf31297cbdd1d435d47,0xe9e7cea3dedca5984780bafc599bd69add087d56,true,194499949687330579,143667910536576437,50832039150754142
0xeeeeeeeeeeeeeeeeeeeeeeeeeeeeeeeeeeeeeeee,0x8ac76a51cc950d9822d68b83fe1ad97b32cd580d,true,1614497584402721,916750000000000,697747584402721
0xbb4cdb9cbd36b01bd1cbaebf2de08d9173bc095c,0xe9e7cea3dedca5984780bafc599bd69add087d56,true,9101520665213605,511750000000000,8589770665213605
0x2170ed0880ac9a755fd29b2688956bd959f933f8,0xe9e7cea3dedca5984780bafc599bd69add087d56,false,-21664005995261191,157311351971733,-21821317347232924
0xeeeeeeeeeeeeeeeeeeeeeeeeeeeeeeeeeeeeeeee,0x55d398326f99059ff775485246999027b3197955,true,1631368336158170,916750000000000,714618336158170
0x3ee2200efb3400fabb9aacf31297cbdd1d435d47,0x8ac76a51cc950d9822d68b83fe1ad97b32cd580d,true,323233827041647668,206091108955947763,117142718085699905
0x2170ed0880ac9a755fd29b2688956bd959f933f8,0x8ac76a51cc950d9822d68b83fe1ad97b32cd580d,false,-23444414285979191,159070721911369,-23603485007890560
0x3ee2200efb3400fabb9aacf31297cbdd1d435d47,0x55d398326f99059ff775485246999027b3197955,true,189030085936292219,156652523040903317,32377562895388902
0xbb4cdb9cbd36b01bd1cbaebf2de08d9173bc095c,0x8ac76a51cc950d9822d68b83fe1ad97b32cd580d,true,1649528622581401,896750000000000,752778622581401
0x2170ed0880ac9a755fd29b2688956bd959f933f8,0x55d398326f99059ff775485246999027b3197955,false,-23432062287847239,159070721911369,-23591133009758608
0xbb4cdb9cbd36b01bd1cbaebf2de08d9173bc095c,0x55d398326f99059ff775485246999027b3197955,false,-2085282352572453,1009848000000000,-3095130352572453
0xeeeeeeeeeeeeeeeeeeeeeeeeeeeeeeeeeeeeeeee,0x1af3f329e8be154074d8769d1ffa4ee058b1dbc3,false,-3903388583395714,916750000000000,-4820138583395714
0x3ee2200efb3400fabb9aacf31297cbdd1d435d47,0x1af3f329e8be154074d8769d1ffa4ee058b1dbc3,false,170294833838049473,184571898574683939,-14277064736634466
0xbb4cdb9cbd36b01bd1cbaebf2de08d9173bc095c,0x1af3f329e8be154074d8769d1ffa4ee058b1dbc3,true,1437400788387446,896750000000000,540650788387446
0x2170ed0880ac9a755fd29b2688956bd959f933f8,0x1af3f329e8be154074d8769d1ffa4ee058b1dbc3,false,-23605463993308565,159070721911369,-23764534715219934
0xeeeeeeeeeeeeeeeeeeeeeeeeeeeeeeeeeeeeeeee,0xe9e7cea3dedca5984780bafc599bd69add087d56,false,-1860045123146274,531750000000000,-2391795123146274
0xeeeeeeeeeeeeeeeeeeeeeeeeeeeeeeeeeeeeeeee,0x8ac76a51cc950d9822d68b83fe1ad97b32cd580d,false,-3869544810012873,916750000000000,-4786294810012873
0x3ee2200efb3400fabb9aacf31297cbdd1d435d47,0xe9e7cea3dedca5984780bafc599bd69add087d56,true,194499949687330579,143667910536576437,50832039150754142
0xbb4cdb9cbd36b01bd1cbaebf2de08d9173bc095c,0xe9e7cea3dedca5984780bafc599bd69add087d56,false,-1860045123146274,511750000000000,-2371795123146274
0xeeeeeeeeeeeeeeeeeeeeeeeeeeeeeeeeeeeeeeee,0x55d398326f99059ff775485246999027b3197955,false,-16766627150558718,1367228000000000,-18133855150558718
0x2170ed0880ac9a755fd29b2688956bd959f933f8,0xe9e7cea3dedca5984780bafc599bd69add087d56,false,-21310466868772252,102723956439514,-21413190825211766
0x3ee2200efb3400fabb9aacf31297cbdd1d435d47,0x8ac76a51cc950d9822d68b83fe1ad97b32cd580d,true,323233827041647668,206091108955947763,117142718085699905
0x2170ed0880ac9a755fd29b2688956bd959f933f8,0x8ac76a51cc950d9822d68b83fe1ad97b32cd580d,false,-23375143942898198,159070721911369,-23534214664809567
0xbb4cdb9cbd36b01bd1cbaebf2de08d9173bc095c,0x8ac76a51cc950d9822d68b83fe1ad97b32cd580d,false,-18270819958793529,1079728000000000,-19350547958793529
0x3ee2200efb3400fabb9aacf31297cbdd1d435d47,0x55d398326f99059ff775485246999027b3197955,true,189030085936292219,156652523040903317,32377562895388902
0x2170ed0880ac9a755fd29b2688956bd959f933f8,0x55d398326f99059ff775485246999027b3197955,false,-23432051611102714,159070721911369,-23591122333014083
0xbb4cdb9cbd36b01bd1cbaebf2de08d9173bc095c,0x55d398326f99059ff775485246999027b3197955,false,-18279170779035812,1079728000000000,-19358898779035812
0xeeeeeeeeeeeeeeeeeeeeeeeeeeeeeeeeeeeeeeee,0x1af3f329e8be154074d8769d1ffa4ee058b1dbc3,false,-18304614069929542,1099728000000000,-19404342069929542
0xbb4cdb9cbd36b01bd1cbaebf2de08d9173bc095c,0x1af3f329e8be154074d8769d1ffa4ee058b1dbc3,false,-18304614069929542,1079728000000000,-19384342069929542
0x2170ed0880ac9a755fd29b2688956bd959f933f8,0x1af3f329e8be154074d8769d1ffa4ee058b1dbc3,false,-23605463993308565,159070721911369,-23764534715219934
0x3ee2200efb3400fabb9aacf31297cbdd1d435d47,0x1af3f329e8be154074d8769d1ffa4ee058b1dbc3,false,170294833838049473,184571898574683939,-14277064736634466
0xeeeeeeeeeeeeeeeeeeeeeeeeeeeeeeeeeeeeeeee,0xe9e7cea3dedca5984780bafc599bd69add087d56,false,-16264269017224480,714728000000000,-16978997017224480
0xbb4cdb9cbd36b01bd1cbaebf2de08d9173bc095c,0xe9e7cea3dedca5984780bafc599bd69add087d56,false,-16264269017224480,694728000000000,-16958997017224480
0xeeeeeeeeeeeeeeeeeeeeeeeeeeeeeeeeeeeeeeee,0x8ac76a51cc950d9822d68b83fe1ad97b32cd580d,false,-18270819958793529,1099728000000000,-19370547958793529
0x2170ed0880ac9a755fd29b2688956bd959f933f8,0xe9e7cea3dedca5984780bafc599bd69add087d56,false,-21310466868772252,102723956439514,-21413190825211766
0x3ee2200efb3400fabb9aacf31297cbdd1d435d47,0xe9e7cea3dedca5984780bafc599bd69add087d56,true,194499949687330579,143667910536576437,50832039150754142
0xeeeeeeeeeeeeeeeeeeeeeeeeeeeeeeeeeeeeeeee,0x55d398326f99059ff775485246999027b3197955,false,-18284871161159546,1099728000000000,-19384599161159546
0xbb4cdb9cbd36b01bd1cbaebf2de08d9173bc095c,0x8ac76a51cc950d9822d68b83fe1ad97b32cd580d,false,-18276520350455312,1079728000000000,-19356248350455312
0x3ee2200efb3400fabb9aacf31297cbdd1d435d47,0x8ac76a51cc950d9822d68b83fe1ad97b32cd580d,true,323233827041647668,206091108955947763,117142718085699905
0x2170ed0880ac9a755fd29b2688956bd959f933f8,0x8ac76a51cc950d9822d68b83fe1ad97b32cd580d,false,-23055245378000661,159070721911369,-23214316099912030
0xbb4cdb9cbd36b01bd1cbaebf2de08d9173bc095c,0x55d398326f99059ff775485246999027b3197955,false,-20459383780491583,1079728000000000,-21539111780491583
0x3ee2200efb3400fabb9aacf31297cbdd1d435d47,0x55d398326f99059ff775485246999027b3197955,true,189030085936292219,156652523040903317,32377562895388902
0x2170ed0880ac9a755fd29b2688956bd959f933f8,0x55d398326f99059ff775485246999027b3197955,false,-23695287180049395,159070721911369,-23854357901960764
0xeeeeeeeeeeeeeeeeeeeeeeeeeeeeeeeeeeeeeeee,0x1af3f329e8be154074d8769d1ffa4ee058b1dbc3,false,-22007652153563408,1099728000000000,-23107380153563408
0x2170ed0880ac9a755fd29b2688956bd959f933f8,0x1af3f329e8be154074d8769d1ffa4ee058b1dbc3,false,-23868685349995895,159070721911369,-24027756071907264
0x3ee2200efb3400fabb9aacf31297cbdd1d435d47,0x1af3f329e8be154074d8769d1ffa4ee058b1dbc3,false,170294833838049473,184571898574683939,-14277064736634466
0xeeeeeeeeeeeeeeeeeeeeeeeeeeeeeeeeeeeeeeee,0xe9e7cea3dedca5984780bafc599bd69add087d56,false,-19967982642395322,714728000000000,-20682710642395322
0xbb4cdb9cbd36b01bd1cbaebf2de08d9173bc095c,0x1af3f329e8be154074d8769d1ffa4ee058b1dbc3,false,-22007652153563408,1079728000000000,-23087380153563408
0xeeeeeeeeeeeeeeeeeeeeeeeeeeeeeeeeeeeeeeee,0x8ac76a51cc950d9822d68b83fe1ad97b32cd580d,false,-3734341473996466,916750000000000,-4651091473996466
0x2170ed0880ac9a755fd29b2688956bd959f933f8,0xe9e7cea3dedca5984780bafc599bd69add087d56,false,-21573759600040731,102723956439514,-21676483556480245
0x3ee2200efb3400fabb9aacf31297cbdd1d435d47,0xe9e7cea3dedca5984780bafc599bd69add087d56,true,194499949687330579,143667910536576437,50832039150754142
0xeeeeeeeeeeeeeeeeeeeeeeeeeeeeeeeeeeeeeeee,0x55d398326f99059ff775485246999027b3197955,false,-2738570811175919,1099728000000000,-3838298811175919
0xbb4cdb9cbd36b01bd1cbaebf2de08d9173bc095c,0xe9e7cea3dedca5984780bafc599bd69add087d56,false,-19967982642395322,694728000000000,-20662710642395322
0x2170ed0880ac9a755fd29b2688956bd959f933f8,0x8ac76a51cc950d9822d68b83fe1ad97b32cd580d,false,-23638384174713961,159070721911369,-23797454896625330
0xbb4cdb9cbd36b01bd1cbaebf2de08d9173bc095c,0x8ac76a51cc950d9822d68b83fe1ad97b32cd580d,false,751979398081821,896750000000000,-144770601918179
0x2170ed0880ac9a755fd29b2688956bd959f933f8,0x55d398326f99059ff775485246999027b3197955,false,-23695287180049395,159070721911369,-23854357901960764
0x3ee2200efb3400fabb9aacf31297cbdd1d435d47,0x8ac76a51cc950d9822d68b83fe1ad97b32cd580d,true,323233827041647668,206091108955947763,117142718085699905
0xbb4cdb9cbd36b01bd1cbaebf2de08d9173bc095c,0x55d398326f99059ff775485246999027b3197955,false,743597564099999,896750000000000,-153152435900001
0x3ee2200efb3400fabb9aacf31297cbdd1d435d47,0x55d398326f99059ff775485246999027b3197955,true,189030085936292219,156652523040903317,32377562895388902
0xeeeeeeeeeeeeeeeeeeeeeeeeeeeeeeeeeeeeeeee,0x1af3f329e8be154074d8769d1ffa4ee058b1dbc3,false,725505123142630,916750000000000,-191244876857370
0x3ee2200efb3400fabb9aacf31297cbdd1d435d47,0x1af3f329e8be154074d8769d1ffa4ee058b1dbc3,false,170294833838049473,184571898574683939,-14277064736634466
0x2170ed0880ac9a755fd29b2688956bd959f933f8,0x1af3f329e8be154074d8769d1ffa4ee058b1dbc3,false,-23868727160360890,159070721911369,-24027797882272259
0xbb4cdb9cbd36b01bd1cbaebf2de08d9173bc095c,0x1af3f329e8be154074d8769d1ffa4ee058b1dbc3,false,718100085217407,896750000000000,-178649914782593
0xeeeeeeeeeeeeeeeeeeeeeeeeeeeeeeeeeeeeeeee,0xe9e7cea3dedca5984780bafc599bd69add087d56,true,2769843300877045,531750000000000,2238093300877045
0x2170ed0880ac9a755fd29b2688956bd959f933f8,0xe9e7cea3dedca5984780bafc599bd69add087d56,false,-20690699359454608,102723956439514,-20793423315894122
0xeeeeeeeeeeeeeeeeeeeeeeeeeeeeeeeeeeeeeeee,0x8ac76a51cc950d9822d68b83fe1ad97b32cd580d,false,-19690950016225832,916750000000000,-20607700016225832
0xbb4cdb9cbd36b01bd1cbaebf2de08d9173bc095c,0xe9e7cea3dedca5984780bafc599bd69add087d56,false,-17684601866662733,511750000000000,-18196351866662733
0x3ee2200efb3400fabb9aacf31297cbdd1d435d47,0xe9e7cea3dedca5984780bafc599bd69add087d56,true,194499949687330579,143667910536576437,50832039150754142
0xeeeeeeeeeeeeeeeeeeeeeeeeeeeeeeeeeeeeeeee,0x55d398326f99059ff775485246999027b3197955,false,-19699314078390874,916750000000000,-20616064078390874
0xbb4cdb9cbd36b01bd1cbaebf2de08d9173bc095c,0x8ac76a51cc950d9822d68b83fe1ad97b32cd580d,false,-19690950016225832,896750000000000,-20587700016225832
0x2170ed0880ac9a755fd29b2688956bd959f933f8,0x8ac76a51cc950d9822d68b83fe1ad97b32cd580d,false,-24714038049289699,159070721911369,-24873108771201068
0x3ee2200efb3400fabb9aacf31297cbdd1d435d47,0x8ac76a51cc950d9822d68b83fe1ad97b32cd580d,true,323233789400991130,206091108955947763,117142680445043367
0x2170ed0880ac9a755fd29b2688956bd959f933f8,0x55d398326f99059ff775485246999027b3197955,false,-44269360688570840,159070721911369,-44428431410482209
0xbb4cdb9cbd36b01bd1cbaebf2de08d9173bc095c,0x55d398326f99059ff775485246999027b3197955,false,-19699314078390874,896750000000000,-20596064078390874
0x3ee2200efb3400fabb9aacf31297cbdd1d435d47,0x55d398326f99059ff775485246999027b3197955,true,197755568045195090,156652523040903317,41103045004291773
0xeeeeeeeeeeeeeeeeeeeeeeeeeeeeeeeeeeeeeeee,0x1af3f329e8be154074d8769d1ffa4ee058b1dbc3,false,-19724759453619726,916750000000000,-20641509453619726
0xbb4cdb9cbd36b01bd1cbaebf2de08d9173bc095c,0x1af3f329e8be154074d8769d1ffa4ee058b1dbc3,false,-19724759453619726,896750000000000,-20621509453619726
0x3ee2200efb3400fabb9aacf31297cbdd1d435d47,0x1af3f329e8be154074d8769d1ffa4ee058b1dbc3,false,170294792799082101,184571898574683939,-14277105775601838
0x2170ed0880ac9a755fd29b2688956bd959f933f8,0x1af3f329e8be154074d8769d1ffa4ee058b1dbc3,false,-24262626291707007,132291862807239,-24394918154514246
0xeeeeeeeeeeeeeeeeeeeeeeeeeeeeeeeeeeeeeeee,0xe9e7cea3dedca5984780bafc599bd69add087d56,false,-20728878717343774,904728000000000,-21633606717343774
0x3ee2200efb3400fabb9aacf31297cbdd1d435d47,0xe9e7cea3dedca5984780bafc599bd69add087d56,true,194499949687330579,143667910536576437,50832039150754142
0xeeeeeeeeeeeeeeeeeeeeeeeeeeeeeeeeeeeeeeee,0x8ac76a51cc950d9822d68b83fe1ad97b32cd580d,false,-24534845463345751,916750000000000,-25451595463345751
0xbb4cdb9cbd36b01bd1cbaebf2de08d9173bc095c,0xe9e7cea3dedca5984780bafc599bd69add087d56,false,-14138061813899065,1373304000000000,-15511365813899065
0xeeeeeeeeeeeeeeeeeeeeeeeeeeeeeeeeeeeeeeee,0x55d398326f99059ff775485246999027b3197955,false,-26545175645591675,916750000000000,-27461925645591675
0x2170ed0880ac9a755fd29b2688956bd959f933f8,0xe9e7cea3dedca5984780bafc599bd69add087d56,false,-21967196767873028,75941556011434,-22043138323884462
0xbb4cdb9cbd36b01bd1cbaebf2de08d9173bc095c,0x8ac76a51cc950d9822d68b83fe1ad97b32cd580d,false,-24534845463345751,896750000000000,-25431595463345751
0x3ee2200efb3400fabb9aacf31297cbdd1d435d47,0x8ac76a51cc950d9822d68b83fe1ad97b32cd580d,true,304554215820359122,206091108955947763,98463106864411359
0x2170ed0880ac9a755fd29b2688956bd959f933f8,0x8ac76a51cc950d9822d68b83fe1ad97b32cd580d,false,-24031915932913734,132291862807239,-24164207795720973
0x3ee2200efb3400fabb9aacf31297cbdd1d435d47,0x55d398326f99059ff775485246999027b3197955,true,197755568045195090,156652523040903317,41103045004291773
0xbb4cdb9cbd36b01bd1cbaebf2de08d9173bc095c,0x55d398326f99059ff775485246999027b3197955,false,-18829764995564348,1650096000000000,-20479860995564348
0x2170ed0880ac9a755fd29b2688956bd959f933f8,0x55d398326f99059ff775485246999027b3197955,false,-11633286030851924,132291862807239,-11765577893659163
0x2170ed0880ac9a755fd29b2688956bd959f933f8,0x1af3f329e8be154074d8769d1ffa4ee058b1dbc3,false,-11806834117556186,132291862807239,-11939125980363425
0xeeeeeeeeeeeeeeeeeeeeeeeeeeeeeeeeeeeeeeee,0x1af3f329e8be154074d8769d1ffa4ee058b1dbc3,false,-26570536156399284,916750000000000,-27487286156399284
0xeeeeeeeeeeeeeeeeeeeeeeeeeeeeeeeeeeeeeeee,0xe9e7cea3dedca5984780bafc599bd69add087d56,false,-24531750599550861,531750000000000,-25063500599550861
0xeeeeeeeeeeeeeeeeeeeeeeeeeeeeeeeeeeeeeeee,0x8ac76a51cc950d9822d68b83fe1ad97b32cd580d,false,-26536721746255244,916750000000000,-27453471746255244
0x3ee2200efb3400fabb9aacf31297cbdd1d435d47,0x1af3f329e8be154074d8769d1ffa4ee058b1dbc3,true,216117584550440183,212487574443325340,3630010107114843
0xbb4cdb9cbd36b01bd1cbaebf2de08d9173bc095c,0x1af3f329e8be154074d8769d1ffa4ee058b1dbc3,false,-22795508933949862,1079728000000000,-23875236933949862
0x2170ed0880ac9a755fd29b2688956bd959f933f8,0xe9e7cea3dedca5984780bafc599bd69add087d56,false,-22376005974909820,75770658034913,-22451776632944733
0xeeeeeeeeeeeeeeeeeeeeeeeeeeeeeeeeeeeeeeee,0x55d398326f99059ff775485246999027b3197955,false,-26545175645591675,916750000000000,-27461925645591675
0x2170ed0880ac9a755fd29b2688956bd959f933f8,0x8ac76a51cc950d9822d68b83fe1ad97b32cd580d,false,-24440553843556025,131994160024152,-24572548003580177
0x3ee2200efb3400fabb9aacf31297cbdd1d435d47,0xe9e7cea3dedca5984780bafc599bd69add087d56,true,194499949687330579,143667910536576437,50832039150754142
0xbb4cdb9cbd36b01bd1cbaebf2de08d9173bc095c,0xe9e7cea3dedca5984780bafc599bd69add087d56,false,-21660188247987545,1000326000000000,-22660514247987545
0xbb4cdb9cbd36b01bd1cbaebf2de08d9173bc095c,0x8ac76a51cc950d9822d68b83fe1ad97b32cd580d,false,-26536721746255244,896750000000000,-27433471746255244
0x3ee2200efb3400fabb9aacf31297cbdd1d435d47,0x8ac76a51cc950d9822d68b83fe1ad97b32cd580d,true,298060560253890377,206091108955947763,91969451297942614
0x2170ed0880ac9a755fd29b2688956bd959f933f8,0x55d398326f99059ff775485246999027b3197955,false,-24498248274297125,131994160024152,-24630242434321277
0x3ee2200efb3400fabb9aacf31297cbdd1d435d47,0x55d398326f99059ff775485246999027b3197955,true,197755568045195090,156652523040903317,41103045004291773
0xbb4cdb9cbd36b01bd1cbaebf2de08d9173bc095c,0x55d398326f99059ff775485246999027b3197955,false,-21666545340482336,1460096000000000,-23126641340482336
0xeeeeeeeeeeeeeeeeeeeeeeeeeeeeeeeeeeeeeeee,0x1af3f329e8be154074d8769d1ffa4ee058b1dbc3,false,-17141758736792793,1282706000000000,-18424464736792793
0x2170ed0880ac9a755fd29b2688956bd959f933f8,0x1af3f329e8be154074d8769d1ffa4ee058b1dbc3,false,-24666167332257451,131994160024152,-24798161492281603
0xbb4cdb9cbd36b01bd1cbaebf2de08d9173bc095c,0x1af3f329e8be154074d8769d1ffa4ee058b1dbc3,false,-21428861100547444,1286640000000000,-22715501100547444
0xeeeeeeeeeeeeeeeeeeeeeeeeeeeeeeeeeeeeeeee,0xe9e7cea3dedca5984780bafc599bd69add087d56,false,-6555343603047374,904728000000000,-7460071603047374
0x3ee2200efb3400fabb9aacf31297cbdd1d435d47,0x1af3f329e8be154074d8769d1ffa4ee058b1dbc3,true,216117584550440183,212487574443325340,3630010107114843
0x2170ed0880ac9a755fd29b2688956bd959f933f8,0xe9e7cea3dedca5984780bafc599bd69add087d56,false,-20488060310239329,210389736519029,-20698450046758358
0xeeeeeeeeeeeeeeeeeeeeeeeeeeeeeeeeeeeeeeee,0x8ac76a51cc950d9822d68b83fe1ad97b32cd580d,false,-6057482008334309,916750000000000,-6974232008334309
0xeeeeeeeeeeeeeeeeeeeeeeeeeeeeeeeeeeeeeeee,0x55d398326f99059ff775485246999027b3197955,false,-4469301315759802,1184250000000000,-5653551315759802
0xbb4cdb9cbd36b01bd1cbaebf2de08d9173bc095c,0xe9e7cea3dedca5984780bafc599bd69add087d56,false,-1203747947238263,1003662000000000,-2207409947238263
0x3ee2200efb3400fabb9aacf31297cbdd1d435d47,0xe9e7cea3dedca5984780bafc599bd69add087d56,true,194499949687330579,143667910536576437,50832039150754142
0x2170ed0880ac9a755fd29b2688956bd959f933f8,0x8ac76a51cc950d9822d68b83fe1ad97b32cd580d,false,-24440048104840208,131994160024152,-24572042264864360
0x3ee2200efb3400fabb9aacf31297cbdd1d435d47,0x8ac76a51cc950d9822d68b83fe1ad97b32cd580d,true,292385321205831526,206091108955947763,86294212249883763
0xbb4cdb9cbd36b01bd1cbaebf2de08d9173bc095c,0x8ac76a51cc950d9822d68b83fe1ad97b32cd580d,false,-5957394119235799,896750000000000,-6854144119235799
0x2170ed0880ac9a755fd29b2688956bd959f933f8,0x55d398326f99059ff775485246999027b3197955,false,-24893442450597582,131994160024152,-25025436610621734
0x3ee2200efb3400fabb9aacf31297cbdd1d435d47,0x55d398326f99059ff775485246999027b3197955,true,197755568045195090,156652523040903317,41103045004291773
0xbb4cdb9cbd36b01bd1cbaebf2de08d9173bc095c,0x55d398326f99059ff775485246999027b3197955,false,1149676411440985,1277118000000000,-127441588559015
0x3ee2200efb3400fabb9aacf31297cbdd1d435d47,0x1af3f329e8be154074d8769d1ffa4ee058b1dbc3,true,216117584550440183,212487574443325340,3630010107114843
0xeeeeeeeeeeeeeeeeeeeeeeeeeeeeeeeeeeeeeeee,0x1af3f329e8be154074d8769d1ffa4ee058b1dbc3,false,-3527746208444376,916750000000000,-4444496208444376
0x2170ed0880ac9a755fd29b2688956bd959f933f8,0x1af3f329e8be154074d8769d1ffa4ee058b1dbc3,false,-24666167332257451,131994160024152,-24798161492281603
0xbb4cdb9cbd36b01bd1cbaebf2de08d9173bc095c,0x1af3f329e8be154074d8769d1ffa4ee058b1dbc3,true,1882072328613578,1079728000000000,802344328613578
0xeeeeeeeeeeeeeeeeeeeeeeeeeeeeeeeeeeeeeeee,0xe9e7cea3dedca5984780bafc599bd69add087d56,false,-1485168701346667,531750000000000,-2016918701346667
0x3ee2200efb3400fabb9aacf31297cbdd1d435d47,0xe9e7cea3dedca5984780bafc599bd69add087d56,true,194499949687330579,143667910536576437,50832039150754142
0x2170ed0880ac9a755fd29b2688956bd959f933f8,0xe9e7cea3dedca5984780bafc599bd69add087d56,false,-20493412152061696,210389736519029,-20703801888580725
0xeeeeeeeeeeeeeeeeeeeeeeeeeeeeeeeeeeeeeeee,0x8ac76a51cc950d9822d68b83fe1ad97b32cd580d,false,-3494436303168398,916750000000000,-4411186303168398
0xbb4cdb9cbd36b01bd1cbaebf2de08d9173bc095c,0xe9e7cea3dedca5984780bafc599bd69add087d56,true,4035509831111627,1492238000000000,2543271831111627
0xeeeeeeeeeeeeeeeeeeeeeeeeeeeeeeeeeeeeeeee,0x55d398326f99059ff775485246999027b3197955,false,-2130049730929113,1184250000000000,-3314299730929113
0x2170ed0880ac9a755fd29b2688956bd959f933f8,0x8ac76a51cc950d9822d68b83fe1ad97b32cd580d,false,-24440048104840208,131994160024152,-24572042264864360
0x3ee2200efb3400fabb9aacf31297cbdd1d435d47,0x8ac76a51cc950d9822d68b83fe1ad97b32cd580d,true,289395039084618147,206091108955947763,83303930128670384
0xbb4cdb9cbd36b01bd1cbaebf2de08d9173bc095c,0x8ac76a51cc950d9822d68b83fe1ad97b32cd580d,false,-3511754711870574,896750000000000,-4408504711870574
0x3ee2200efb3400fabb9aacf31297cbdd1d435d47,0x55d398326f99059ff775485246999027b3197955,true,196398015759759494,156652523040903317,39745492718856177
0x2170ed0880ac9a755fd29b2688956bd959f933f8,0x55d398326f99059ff775485246999027b3197955,false,-24212285972770075,131994160024152,-24344280132794227
0xbb4cdb9cbd36b01bd1cbaebf2de08d9173bc095c,0x55d398326f99059ff775485246999027b3197955,false,721873752619987,1277118000000000,-555244247380013
0xeeeeeeeeeeeeeeeeeeeeeeeeeeeeeeeeeeeeeeee,0x1af3f329e8be154074d8769d1ffa4ee058b1dbc3,false,-3546940667337906,916750000000000,-4463690667337906
0x2170ed0880ac9a755fd29b2688956bd959f933f8,0x1af3f329e8be154074d8769d1ffa4ee058b1dbc3,false,-24396678424613221,238858493574840,-24635536918188061
0xeeeeeeeeeeeeeeeeeeeeeeeeeeeeeeeeeeeeeeee,0xe9e7cea3dedca5984780bafc599bd69add087d56,false,-1504367164774699,531750000000000,-2036117164774699
0x3ee2200efb3400fabb9aacf31297cbdd1d435d47,0x1af3f329e8be154074d8769d1ffa4ee058b1dbc3,true,214757587868650690,212487574443325340,2270013425325350
0xbb4cdb9cbd36b01bd1cbaebf2de08d9173bc095c,0x1af3f329e8be154074d8769d1ffa4ee058b1dbc3,true,1862876460997411,1079728000000000,783148460997411
0x2170ed0880ac9a755fd29b2688956bd959f933f8,0xe9e7cea3dedca5984780bafc599bd69add087d56,false,-20741467588640414,237103413317991,-20978571001958405
0xeeeeeeeeeeeeeeeeeeeeeeeeeeeeeeeeeeeeeeee,0x8ac76a51cc950d9822d68b83fe1ad97b32cd580d,false,-3513630889981057,916750000000000,-4430380889981057
0x3ee2200efb3400fabb9aacf31297cbdd1d435d47,0xe9e7cea3dedca5984780bafc599bd69add087d56,true,193142830797740641,143667910536576437,49474920261164204
0xeeeeeeeeeeeeeeeeeeeeeeeeeeeeeeeeeeeeeeee,0x55d398326f99059ff775485246999027b3197955,false,-2869429801105409,1357706000000000,-4227135801105409
0xbb4cdb9cbd36b01bd1cbaebf2de08d9173bc095c,0xe9e7cea3dedca5984780bafc599bd69add087d56,false,-1518225961882097,1562118000000000,-3080343961882097
0x2170ed0880ac9a755fd29b2688956bd959f933f8,0x8ac76a51cc950d9822d68b83fe1ad97b32cd580d,false,-24170553720618756,238858493574840,-24409412214193596
0x3ee2200efb3400fabb9aacf31297cbdd1d435d47,0x8ac76a51cc950d9822d68b83fe1ad97b32cd580d,true,289395039084618147,206091108955947763,83303930128670384
0x2170ed0880ac9a755fd29b2688956bd959f933f8,0x55d398326f99059ff775485246999027b3197955,false,-24219289672204742,238858493574840,-24458148165779582
0xbb4cdb9cbd36b01bd1cbaebf2de08d9173bc095c,0x8ac76a51cc950d9822d68b83fe1ad97b32cd580d,false,-3242612296822394,1628662000000000,-4871274296822394
0x3ee2200efb3400fabb9aacf31297cbdd1d435d47,0x55d398326f99059ff775485246999027b3197955,true,196398015759759494,156652523040903317,39745492718856177
0xbb4cdb9cbd36b01bd1cbaebf2de08d9173bc095c,0x55d398326f99059ff775485246999027b3197955,false,-4659194950904046,1070206000000000,-5729400950904046
0xeeeeeeeeeeeeeeeeeeeeeeeeeeeeeeeeeeeeeeee,0x1af3f329e8be154074d8769d1ffa4ee058b1dbc3,false,-5692437356555138,1282706000000000,-6975143356555138
0x2170ed0880ac9a755fd29b2688956bd959f933f8,0x1af3f329e8be154074d8769d1ffa4ee058b1dbc3,false,-24729869108436384,131994160024152,-24861863268460536
0x3ee2200efb3400fabb9aacf31297cbdd1d435d47,0x1af3f329e8be154074d8769d1ffa4ee058b1dbc3,true,214757587868650690,212487574443325340,2270013425325350
0xeeeeeeeeeeeeeeeeeeeeeeeeeeeeeeeeeeeeeeee,0xe9e7cea3dedca5984780bafc599bd69add087d56,false,-4659194950904046,1090206000000000,-5749400950904046
0xeeeeeeeeeeeeeeeeeeeeeeeeeeeeeeeeeeeeeeee,0x8ac76a51cc950d9822d68b83fe1ad97b32cd580d,false,-5663425641535861,1282706000000000,-6946131641535861
0x2170ed0880ac9a755fd29b2688956bd959f933f8,0xe9e7cea3dedca5984780bafc599bd69add087d56,false,-22439408693669604,75770658034913,-22515179351704517
0x3ee2200efb3400fabb9aacf31297cbdd1d435d47,0xe9e7cea3dedca5984780bafc599bd69add087d56,true,193142830797740641,143667910536576437,49474920261164204
0xbb4cdb9cbd36b01bd1cbaebf2de08d9173bc095c,0x1af3f329e8be154074d8769d1ffa4ee058b1dbc3,true,1862876460997411,1079728000000000,783148460997411
0xeeeeeeeeeeeeeeeeeeeeeeeeeeeeeeeeeeeeeeee,0x55d398326f99059ff775485246999027b3197955,false,-2869429801105409,1357706000000000,-4227135801105409
0x3ee2200efb3400fabb9aacf31297cbdd1d435d47,0x8ac76a51cc950d9822d68b83fe1ad97b32cd580d,true,289395039084618147,206091108955947763,83303930128670384
0x2170ed0880ac9a755fd29b2688956bd959f933f8,0x8ac76a51cc950d9822d68b83fe1ad97b32cd580d,false,-24503511937403814,131994160024152,-24635506097427966
0xbb4cdb9cbd36b01bd1cbaebf2de08d9173bc095c,0xe9e7cea3dedca5984780bafc599bd69add087d56,false,-1518225961882097,1562118000000000,-3080343961882097
0x2170ed0880ac9a755fd29b2688956bd959f933f8,0x55d398326f99059ff775485246999027b3197955,false,-24552297978713566,131994160024152,-24684292138737718
0x3ee2200efb3400fabb9aacf31297cbdd1d435d47,0x55d398326f99059ff775485246999027b3197955,true,196398015759759494,156652523040903317,39745492718856177
0xbb4cdb9cbd36b01bd1cbaebf2de08d9173bc095c,0x8ac76a51cc950d9822d68b83fe1ad97b32cd580d,false,-3242612296822394,1628662000000000,-4871274296822394
0xbb4cdb9cbd36b01bd1cbaebf2de08d9173bc095c,0x55d398326f99059ff775485246999027b3197955,false,-4659194950904046,1070206000000000,-5729400950904046
0xeeeeeeeeeeeeeeeeeeeeeeeeeeeeeeeeeeeeeeee,0x1af3f329e8be154074d8769d1ffa4ee058b1dbc3,false,-5692437356555138,1282706000000000,-6975143356555138
0x2170ed0880ac9a755fd29b2688956bd959f933f8,0x1af3f329e8be154074d8769d1ffa4ee058b1dbc3,false,-24729869108436384,131994160024152,-24861863268460536
0xbb4cdb9cbd36b01bd1cbaebf2de08d9173bc095c,0x1af3f329e8be154074d8769d1ffa4ee058b1dbc3,false,-4712679833382796,1445684000000000,-6158363833382796
0x3ee2200efb3400fabb9aacf31297cbdd1d435d47,0x1af3f329e8be154074d8769d1ffa4ee058b1dbc3,true,214757587868650690,212487574443325340,2270013425325350
0xeeeeeeeeeeeeeeeeeeeeeeeeeeeeeeeeeeeeeeee,0xe9e7cea3dedca5984780bafc599bd69add087d56,false,-4659194950904046,1090206000000000,-5749400950904046
0x3ee2200efb3400fabb9aacf31297cbdd1d435d47,0xe9e7cea3dedca5984780bafc599bd69add087d56,true,193142830797740641,143667910536576437,49474920261164204
0xeeeeeeeeeeeeeeeeeeeeeeeeeeeeeeeeeeeeeeee,0x8ac76a51cc950d9822d68b83fe1ad97b32cd580d,false,-5663425641535861,1282706000000000,-6946131641535861
0xbb4cdb9cbd36b01bd1cbaebf2de08d9173bc095c,0xe9e7cea3dedca5984780bafc599bd69add087d56,false,-1518225961882097,1562118000000000,-3080343961882097
0xeeeeeeeeeeeeeeeeeeeeeeeeeeeeeeeeeeeeeeee,0x55d398326f99059ff775485246999027b3197955,false,-2869429801105409,1357706000000000,-4227135801105409
0x2170ed0880ac9a755fd29b2688956bd959f933f8,0xe9e7cea3dedca5984780bafc599bd69add087d56,false,-22439408693669604,75770658034913,-22515179351704517
0x3ee2200efb3400fabb9aacf31297cbdd1d435d47,0x8ac76a51cc950d9822d68b83fe1ad97b32cd580d,true,289395039084618147,206091108955947763,83303930128670384
0xbb4cdb9cbd36b01bd1cbaebf2de08d9173bc095c,0x8ac76a51cc950d9822d68b83fe1ad97b32cd580d,false,-17978121877808263,1628662000000000,-19606783877808263
0x2170ed0880ac9a755fd29b2688956bd959f933f8,0x8ac76a51cc950d9822d68b83fe1ad97b32cd580d,false,-24503511937403814,131994160024152,-24635506097427966
0x3ee2200efb3400fabb9aacf31297cbdd1d435d47,0x55d398326f99059ff775485246999027b3197955,true,196398015759759494,156652523040903317,39745492718856177
0x2170ed0880ac9a755fd29b2688956bd959f933f8,0x55d398326f99059ff775485246999027b3197955,false,-24552297978713566,131994160024152,-24684292138737718
0xbb4cdb9cbd36b01bd1cbaebf2de08d9173bc095c,0x55d398326f99059ff775485246999027b3197955,false,-19391693606049915,1070206000000000,-20461899606049915
0xeeeeeeeeeeeeeeeeeeeeeeeeeeeeeeeeeeeeeeee,0x1af3f329e8be154074d8769d1ffa4ee058b1dbc3,false,-24443351101483160,1282706000000000,-25726057101483160
0x3ee2200efb3400fabb9aacf31297cbdd1d435d47,0x1af3f329e8be154074d8769d1ffa4ee058b1dbc3,true,214757587868650690,212487574443325340,2270013425325350
0xbb4cdb9cbd36b01bd1cbaebf2de08d9173bc095c,0x1af3f329e8be154074d8769d1ffa4ee058b1dbc3,false,-23465747477992952,1445684000000000,-24911431477992952
0x2170ed0880ac9a755fd29b2688956bd959f933f8,0x1af3f329e8be154074d8769d1ffa4ee058b1dbc3,false,-24729869108436384,131994160024152,-24861863268460536
0xeeeeeeeeeeeeeeeeeeeeeeeeeeeeeeeeeeeeeeee,0xe9e7cea3dedca5984780bafc599bd69add087d56,false,-23412110374424467,1090206000000000,-24502316374424467
0x3ee2200efb3400fabb9aacf31297cbdd1d435d47,0xe9e7cea3dedca5984780bafc599bd69add087d56,true,193142830797740641,143667910536576437,49474920261164204
0xeeeeeeeeeeeeeeeeeeeeeeeeeeeeeeeeeeeeeeee,0x8ac76a51cc950d9822d68b83fe1ad97b32cd580d,false,-1232762389924416,1282706000000000,-2515468389924416
0xbb4cdb9cbd36b01bd1cbaebf2de08d9173bc095c,0xe9e7cea3dedca5984780bafc599bd69add087d56,false,-20252568586746582,1562118000000000,-21814686586746582
0x2170ed0880ac9a755fd29b2688956bd959f933f8,0xe9e7cea3dedca5984780bafc599bd69add087d56,false,-22439408693669604,75770658034913,-22515179351704517
0xeeeeeeeeeeeeeeeeeeeeeeeeeeeeeeeeeeeeeeee,0x55d398326f99059ff775485246999027b3197955,true,1561045643266271,1357706000000000,203339643266271
0x3ee2200efb3400fabb9aacf31297cbdd1d435d47,0x8ac76a51cc950d9822d68b83fe1ad97b32cd580d,true,289395039084618147,206091108955947763,83303930128670384
0x2170ed0880ac9a755fd29b2688956bd959f933f8,0x8ac76a51cc950d9822d68b83fe1ad97b32cd580d,false,-24503511937403814,131994160024152,-24635506097427966
0xbb4cdb9cbd36b01bd1cbaebf2de08d9173bc095c,0x8ac76a51cc950d9822d68b83fe1ad97b32cd580d,false,1189468024222976,1628662000000000,-439193975777024
0x2170ed0880ac9a755fd29b2688956bd959f933f8,0x55d398326f99059ff775485246999027b3197955,false,-24552297978713566,131994160024152,-24684292138737718
0x3ee2200efb3400fabb9aacf31297cbdd1d435d47,0x55d398326f99059ff775485246999027b3197955,true,196398015759759494,156652523040903317,39745492718856177
0xbb4cdb9cbd36b01bd1cbaebf2de08d9173bc095c,0x55d398326f99059ff775485246999027b3197955,false,-228084420416252,1070206000000000,-1298290420416252
0xeeeeeeeeeeeeeeeeeeeeeeeeeeeeeeeeeeeeeeee,0x1af3f329e8be154074d8769d1ffa4ee058b1dbc3,false,-2336529821282098,1282706000000000,-3619235821282098
0xeeeeeeeeeeeeeeeeeeeeeeeeeeeeeeeeeeeeeeee,0xe9e7cea3dedca5984780bafc599bd69add087d56,false,-1305116422320148,1090206000000000,-2395322422320148
0x2170ed0880ac9a755fd29b2688956bd959f933f8,0x1af3f329e8be154074d8769d1ffa4ee058b1dbc3,false,-24729869108436384,131994160024152,-24861863268460536
0xbb4cdb9cbd36b01bd1cbaebf2de08d9173bc095c,0x1af3f329e8be154074d8769d1ffa4ee058b1dbc3,false,-2335928079357136,1262706000000000,-3598634079357136
0xeeeeeeeeeeeeeeeeeeeeeeeeeeeeeeeeeeeeeeee,0x8ac76a51cc950d9822d68b83fe1ad97b32cd580d,false,-2689496581637916,1282706000000000,-3972202581637916
0x3ee2200efb3400fabb9aacf31297cbdd1d435d47,0x1af3f329e8be154074d8769d1ffa4ee058b1dbc3,true,214757587868650690,212487574443325340,2270013425325350
0x2170ed0880ac9a755fd29b2688956bd959f933f8,0xe9e7cea3dedca5984780bafc599bd69add087d56,false,-22439408693669604,75770658034913,-22515179351704517
0xeeeeeeeeeeeeeeeeeeeeeeeeeeeeeeeeeeeeeeee,0x55d398326f99059ff775485246999027b3197955,false,134014799417712,1357706000000000,-1223691200582288
0xbb4cdb9cbd36b01bd1cbaebf2de08d9173bc095c,0xe9e7cea3dedca5984780bafc599bd69add087d56,false,1481885904381236,1562118000000000,-80232095618764
0x3ee2200efb3400fabb9aacf31297cbdd1d435d47,0xe9e7cea3dedca5984780bafc599bd69add087d56,true,193142830797740641,143667910536576437,49474920261164204
0x2170ed0880ac9a755fd29b2688956bd959f933f8,0x8ac76a51cc950d9822d68b83fe1ad97b32cd580d,false,-24503565122314774,131994160024152,-24635559282338926
0xbb4cdb9cbd36b01bd1cbaebf2de08d9173bc095c,0x8ac76a51cc950d9822d68b83fe1ad97b32cd580d,false,-4372260172801558,1445684000000000,-5817944172801558
0x3ee2200efb3400fabb9aacf31297cbdd1d435d47,0x8ac76a51cc950d9822d68b83fe1ad97b32cd580d,true,289395039084618147,206091108955947763,83303930128670384
0x2170ed0880ac9a755fd29b2688956bd959f933f8,0x55d398326f99059ff775485246999027b3197955,false,-24552310269071184,131994160024152,-24684304429095336
0x3ee2200efb3400fabb9aacf31297cbdd1d435d47,0x55d398326f99059ff775485246999027b3197955,true,196398015759759494,156652523040903317,39745492718856177
0xbb4cdb9cbd36b01bd1cbaebf2de08d9173bc095c,0x55d398326f99059ff775485246999027b3197955,false,-10074109870862770,1445684000000000,-11519793870862770
0xeeeeeeeeeeeeeeeeeeeeeeeeeeeeeeeeeeeeeeee,0x1af3f329e8be154074d8769d1ffa4ee058b1dbc3,false,-833796465734478,1099728000000000,-1933524465734478
0x3ee2200efb3400fabb9aacf31297cbdd1d435d47,0x1af3f329e8be154074d8769d1ffa4ee058b1dbc3,true,214757587868650690,212487574443325340,2270013425325350
0xbb4cdb9cbd36b01bd1cbaebf2de08d9173bc095c,0x1af3f329e8be154074d8769d1ffa4ee058b1dbc3,false,429057391836968,1286640000000000,-857582608163032
0x2170ed0880ac9a755fd29b2688956bd959f933f8,0x1af3f329e8be154074d8769d1ffa4ee058b1dbc3,false,-17970522829342896,238858493574840,-18209381322917736
0xeeeeeeeeeeeeeeeeeeeeeeeeeeeeeeeeeeeeeeee,0xe9e7cea3dedca5984780bafc599bd69add087d56,true,1208798016929836,714728000000000,494070016929836
0xbb4cdb9cbd36b01bd1cbaebf2de08d9173bc095c,0xe9e7cea3dedca5984780bafc599bd69add087d56,true,6533021531560883,1376640000000000,5156381531560883
0xeeeeeeeeeeeeeeeeeeeeeeeeeeeeeeeeeeeeeeee,0x8ac76a51cc950d9822d68b83fe1ad97b32cd580d,false,-800426780355334,1099728000000000,-1900154780355334
0x2170ed0880ac9a755fd29b2688956bd959f933f8,0xe9e7cea3dedca5984780bafc599bd69add087d56,false,-15678254836778755,182649114749514,-15860903951528269
0x3ee2200efb3400fabb9aacf31297cbdd1d435d47,0xe9e7cea3dedca5984780bafc599bd69add087d56,true,193142830797740641,143667910536576437,49474920261164204
0xeeeeeeeeeeeeeeeeeeeeeeeeeeeeeeeeeeeeeeee,0x55d398326f99059ff775485246999027b3197955,false,-1453902066720671,1550206000000000,-3004108066720671
0xbb4cdb9cbd36b01bd1cbaebf2de08d9173bc095c,0x8ac76a51cc950d9822d68b83fe1ad97b32cd580d,false,1325870390301712,1445684000000000,-119813609698288
0x2170ed0880ac9a755fd29b2688956bd959f933f8,0x8ac76a51cc950d9822d68b83fe1ad97b32cd580d,false,-17743856621236296,238858493574840,-17982715114811136
0x3ee2200efb3400fabb9aacf31297cbdd1d435d47,0x8ac76a51cc950d9822d68b83fe1ad97b32cd580d,true,289395034387210604,206091108955947763,83303925431262841
0x2170ed0880ac9a755fd29b2688956bd959f933f8,0x55d398326f99059ff775485246999027b3197955,false,-26961993109373650,453531259206822,-27415524368580472
0xbb4cdb9cbd36b01bd1cbaebf2de08d9173bc095c,0x55d398326f99059ff775485246999027b3197955,false,-735729196083145,1635684000000000,-2371413196083145
0x3ee2200efb3400fabb9aacf31297cbdd1d435d47,0x55d398326f99059ff775485246999027b3197955,true,205970873195108009,156652523040903317,49318350154204692
0xeeeeeeeeeeeeeeeeeeeeeeeeeeeeeeeeeeeeeeee,0x1af3f329e8be154074d8769d1ffa4ee058b1dbc3,true,13293072114974728,1297118000000000,11995954114974728
0x2170ed0880ac9a755fd29b2688956bd959f933f8,0x1af3f329e8be154074d8769d1ffa4ee058b1dbc3,false,-11243270774155009,344671108065102,-11587941882220111
0xbb4cdb9cbd36b01bd1cbaebf2de08d9173bc095c,0x1af3f329e8be154074d8769d1ffa4ee058b1dbc3,true,19271116222228980,1635684000000000,17635432222228980
0x3ee2200efb3400fabb9aacf31297cbdd1d435d47,0x1af3f329e8be154074d8769d1ffa4ee058b1dbc3,true,213615548915767613,212487574443325340,1127974472442273
0xeeeeeeeeeeeeeeeeeeeeeeeeeeeeeeeeeeeeeeee,0xe9e7cea3dedca5984780bafc599bd69add087d56,true,20265530097286338,1172228000000000,19093302097286338
0x2170ed0880ac9a755fd29b2688956bd959f933f8,0xe9e7cea3dedca5984780bafc599bd69add087d56,false,-12262690582525951,263815412459406,-12526505994985357
0x3ee2200efb3400fabb9aacf31297cbdd1d435d47,0xe9e7cea3dedca5984780bafc599bd69add087d56,true,192003210650601634,143667910536576437,48335300114025197
0xeeeeeeeeeeeeeeeeeeeeeeeeeeeeeeeeeeeeeeee,0x8ac76a51cc950d9822d68b83fe1ad97b32cd580d,true,10885831489341972,2106162000000000,8779669489341972
0xbb4cdb9cbd36b01bd1cbaebf2de08d9173bc095c,0xe9e7cea3dedca5984780bafc599bd69add087d56,true,26237939171036524,2142716000000000,24095223171036524
0x2170ed0880ac9a755fd29b2688956bd959f933f8,0x8ac76a51cc950d9822d68b83fe1ad97b32cd580d,false,-15107646492271354,344671108065102,-15452317600336456
0xeeeeeeeeeeeeeeeeeeeeeeeeeeeeeeeeeeeeeeee,0x55d398326f99059ff775485246999027b3197955,true,12305603065261602,1817706000000000,10487897065261602
0x3ee2200efb3400fabb9aacf31297cbdd1d435d47,0x8ac76a51cc950d9822d68b83fe1ad97b32cd580d,true,288244653008647449,206091108955947763,82153544052699686
0x3ee2200efb3400fabb9aacf31297cbdd1d435d47,0x55d398326f99059ff775485246999027b3197955,true,204829818841481664,156652523040903317,48177295800578347
0xbb4cdb9cbd36b01bd1cbaebf2de08d9173bc095c,0x8ac76a51cc950d9822d68b83fe1ad97b32cd580d,true,14470443406116335,1445684000000000,13024759406116335
0x2170ed0880ac9a755fd29b2688956bd959f933f8,0x55d398326f99059ff775485246999027b3197955,false,-12269326272224171,293305596852807,-12562631869076978
0xbb4cdb9cbd36b01bd1cbaebf2de08d9173bc095c,0x55d398326f99059ff775485246999027b3197955,true,25999738455658549,1445684000000000,24554054455658549
0xeeeeeeeeeeeeeeeeeeeeeeeeeeeeeeeeeeeeeeee,0x1af3f329e8be154074d8769d1ffa4ee058b1dbc3,true,20081235960419054,2106162000000000,17975073960419054
0xeeeeeeeeeeeeeeeeeeeeeeeeeeeeeeeeeeeeeeee,0xe9e7cea3dedca5984780bafc599bd69add087d56,true,25458550177672941,982228000000000,24476322177672941
0xbb4cdb9cbd36b01bd1cbaebf2de08d9173bc095c,0x1af3f329e8be154074d8769d1ffa4ee058b1dbc3,true,21553772121234795,1079728000000000,20474044121234795
0x3ee2200efb3400fabb9aacf31297cbdd1d435d47,0x1af3f329e8be154074d8769d1ffa4ee058b1dbc3,true,222651947476296445,212487574443325340,10164373032971105
0xeeeeeeeeeeeeeeeeeeeeeeeeeeeeeeeeeeeeeeee,0x8ac76a51cc950d9822d68b83fe1ad97b32cd580d,true,11359505716573316,1550206000000000,9809299716573316
0x2170ed0880ac9a755fd29b2688956bd959f933f8,0x1af3f329e8be154074d8769d1ffa4ee058b1dbc3,false,-15662686295410933,264545312705310,-15927231608116243
0xeeeeeeeeeeeeeeeeeeeeeeeeeeeeeeeeeeeeeeee,0x55d398326f99059ff775485246999027b3197955,true,10733656794080431,1634728000000000,9098928794080431
0x2170ed0880ac9a755fd29b2688956bd959f933f8,0xe9e7cea3dedca5984780bafc599bd69add087d56,false,-11032365563308539,290525734081461,-11322891297390000
0x3ee2200efb3400fabb9aacf31297cbdd1d435d47,0xe9e7cea3dedca5984780bafc599bd69add087d56,true,201020445957516735,143667910536576437,57352535420940298
0xbb4cdb9cbd36b01bd1cbaebf2de08d9173bc095c,0xe9e7cea3dedca5984780bafc599bd69add087d56,true,29452534057242785,1464140000000000,27988394057242785
0x3ee2200efb3400fabb9aacf31297cbdd1d435d47,0x8ac76a51cc950d9822d68b83fe1ad97b32cd580d,true,297347225158992535,206091108955947763,91256116203044772
0x2170ed0880ac9a755fd29b2688956bd959f933f8,0x8ac76a51cc950d9822d68b83fe1ad97b32cd580d,false,-16270976612920763,237833359405105,-16508809972325868
0xbb4cdb9cbd36b01bd1cbaebf2de08d9173bc095c,0x8ac76a51cc950d9822d68b83fe1ad97b32cd580d,true,24244882355968641,1445684000000000,22799198355968641
0x3ee2200efb3400fabb9aacf31297cbdd1d435d47,0x55d398326f99059ff775485246999027b3197955,true,213858427239035037,156652523040903317,57205904198131720
0x2170ed0880ac9a755fd29b2688956bd959f933f8,0x55d398326f99059ff775485246999027b3197955,false,-16915182233023355,157687433029047,-17072869666052402
0xbb4cdb9cbd36b01bd1cbaebf2de08d9173bc095c,0x55d398326f99059ff775485246999027b3197955,true,20758448596068522,1079728000000000,19678720596068522
0xbb4cdb9cbd36b01bd1cbaebf2de08d9173bc095c,0x1af3f329e8be154074d8769d1ffa4ee058b1dbc3,true,20771001186112959,1079728000000000,19691273186112959
0xeeeeeeeeeeeeeeeeeeeeeeeeeeeeeeeeeeeeeeee,0x1af3f329e8be154074d8769d1ffa4ee058b1dbc3,true,3216108136242395,1282706000000000,1933402136242395
0x3ee2200efb3400fabb9aacf31297cbdd1d435d47,0x1af3f329e8be154074d8769d1ffa4ee058b1dbc3,true,222651947476296445,212487574443325340,10164373032971105
0xeeeeeeeeeeeeeeeeeeeeeeeeeeeeeeeeeeeeeeee,0xe9e7cea3dedca5984780bafc599bd69add087d56,true,22242115842346239,982228000000000,21259887842346239
0x2170ed0880ac9a755fd29b2688956bd959f933f8,0x1af3f329e8be154074d8769d1ffa4ee058b1dbc3,false,-17093210046169895,157687433029047,-17250897479198942
0xeeeeeeeeeeeeeeeeeeeeeeeeeeeeeeeeeeeeeeee,0x8ac76a51cc950d9822d68b83fe1ad97b32cd580d,true,7284451940970152,2106162000000000,5178289940970152
0x3ee2200efb3400fabb9aacf31297cbdd1d435d47,0xe9e7cea3dedca5984780bafc599bd69add087d56,true,201020445957516735,143667910536576437,57352535420940298
0xeeeeeeeeeeeeeeeeeeeeeeeeeeeeeeeeeeeeeeee,0x55d398326f99059ff775485246999027b3197955,true,8275998189574206,1817706000000000,6458292189574206
0xbb4cdb9cbd36b01bd1cbaebf2de08d9173bc095c,0xe9e7cea3dedca5984780bafc599bd69add087d56,true,28582579413817263,2022596000000000,26559983413817263
0x2170ed0880ac9a755fd29b2688956bd959f933f8,0xe9e7cea3dedca5984780bafc599bd69add087d56,false,-13049263902087334,237103413317991,-13286367315405325
0x3ee2200efb3400fabb9aacf31297cbdd1d435d47,0x8ac76a51cc950d9822d68b83fe1ad97b32cd580d,true,297209500169117981,206091108955947763,91118391213170218
0x2170ed0880ac9a755fd29b2688956bd959f933f8,0x8ac76a51cc950d9822d68b83fe1ad97b32cd580d,false,-16866388728279699,157687433029047,-17024076161308746
0xbb4cdb9cbd36b01bd1cbaebf2de08d9173bc095c,0x8ac76a51cc950d9822d68b83fe1ad97b32cd580d,true,16349117949820577,1079728000000000,15269389949820577
0x2170ed0880ac9a755fd29b2688956bd959f933f8,0x55d398326f99059ff775485246999027b3197955,false,-16915182233023355,157687433029047,-17072869666052402
0x3ee2200efb3400fabb9aacf31297cbdd1d435d47,0x55d398326f99059ff775485246999027b3197955,true,213858427239035037,156652523040903317,57205904198131720
0xbb4cdb9cbd36b01bd1cbaebf2de08d9173bc095c,0x55d398326f99059ff775485246999027b3197955,true,18282906983783676,1445684000000000,16837222983783676
0xeeeeeeeeeeeeeeeeeeeeeeeeeeeeeeeeeeeeeeee,0x1af3f329e8be154074d8769d1ffa4ee058b1dbc3,true,1779320550273546,1282706000000000,496614550273546
0x2170ed0880ac9a755fd29b2688956bd959f933f8,0x1af3f329e8be154074d8769d1ffa4ee058b1dbc3,false,-16159633348263127,214614036480370,-16374247384743497
0x3ee2200efb3400fabb9aacf31297cbdd1d435d47,0x1af3f329e8be154074d8769d1ffa4ee058b1dbc3,true,222515165124431364,212487574443325340,10027590681106024
0xeeeeeeeeeeeeeeeeeeeeeeeeeeeeeeeeeeeeeeee,0xe9e7cea3dedca5984780bafc599bd69add087d56,true,20467114576432744,982228000000000,19484886576432744
0xbb4cdb9cbd36b01bd1cbaebf2de08d9173bc095c,0x1af3f329e8be154074d8769d1ffa4ee058b1dbc3,true,17357434790067345,1262706000000000,16094728790067345
0xeeeeeeeeeeeeeeeeeeeeeeeeeeeeeeeeeeeeeeee,0x8ac76a51cc950d9822d68b83fe1ad97b32cd580d,true,8937495189916275,1923184000000000,7014311189916275
0x2170ed0880ac9a755fd29b2688956bd959f933f8,0xe9e7cea3dedca5984780bafc599bd69add087d56,false,-13051886415840289,237103413317991,-13288989829158280
0x3ee2200efb3400fabb9aacf31297cbdd1d435d47,0xe9e7cea3dedca5984780bafc599bd69add087d56,true,236034832820308977,143667910536576437,92366922283732540
0xeeeeeeeeeeeeeeeeeeeeeeeeeeeeeeeeeeeeeeee,0x55d398326f99059ff775485246999027b3197955,true,10424425674842677,2373662000000000,8050763674842677
0xbb4cdb9cbd36b01bd1cbaebf2de08d9173bc095c,0xe9e7cea3dedca5984780bafc599bd69add087d56,true,24648314983646495,1464140000000000,23184174983646495
0x3ee2200efb3400fabb9aacf31297cbdd1d435d47,0x8ac76a51cc950d9822d68b83fe1ad97b32cd580d,true,332522095851245784,206091108955947763,126430986895298021
0x2170ed0880ac9a755fd29b2688956bd959f933f8,0x8ac76a51cc950d9822d68b83fe1ad97b32cd580d,false,-16866388728279699,157687433029047,-17024076161308746
0xbb4cdb9cbd36b01bd1cbaebf2de08d9173bc095c,0x8ac76a51cc950d9822d68b83fe1ad97b32cd580d,true,15558710756585570,1079728000000000,14478982756585570
0x2170ed0880ac9a755fd29b2688956bd959f933f8,0x55d398326f99059ff775485246999027b3197955,false,-16915182233023355,157687433029047,-17072869666052402
0x3ee2200efb3400fabb9aacf31297cbdd1d435d47,0x55d398326f99059ff775485246999027b3197955,true,213719962000104913,156652523040903317,57067438959201596
0xbb4cdb9cbd36b01bd1cbaebf2de08d9173bc095c,0x55d398326f99059ff775485246999027b3197955,true,15631574703798708,1445684000000000,14185890703798708
0xeeeeeeeeeeeeeeeeeeeeeeeeeeeeeeeeeeeeeeee,0x1af3f329e8be154074d8769d1ffa4ee058b1dbc3,true,2719545452775203,1282706000000000,1436839452775203
0x2170ed0880ac9a755fd29b2688956bd959f933f8,0x1af3f329e8be154074d8769d1ffa4ee058b1dbc3,false,-24730604580565214,131994160024152,-24862598740589366
0xbb4cdb9cbd36b01bd1cbaebf2de08d9173bc095c,0x1af3f329e8be154074d8769d1ffa4ee058b1dbc3,true,14801946191165495,1079728000000000,13722218191165495
0x3ee2200efb3400fabb9aacf31297cbdd1d435d47,0x1af3f329e8be154074d8769d1ffa4ee058b1dbc3,true,257716068423766758,212487574443325340,45228493980441418
0xeeeeeeeeeeeeeeeeeeeeeeeeeeeeeeeeeeeeeeee,0xe9e7cea3dedca5984780bafc599bd69add087d56,false,715782208008740,982228000000000,-266445791991260
0xeeeeeeeeeeeeeeeeeeeeeeeeeeeeeeeeeeeeeeee,0x8ac76a51cc950d9822d68b83fe1ad97b32cd580d,false,-15573278457670249,1282706000000000,-16855984457670249
0x2170ed0880ac9a755fd29b2688956bd959f933f8,0xe9e7cea3dedca5984780bafc599bd69add087d56,false,-21309877371909665,156957349395646,-21466834721305311
0xbb4cdb9cbd36b01bd1cbaebf2de08d9173bc095c,0xe9e7cea3dedca5984780bafc599bd69add087d56,true,4967804931083870,1464140000000000,3503664931083870
0xeeeeeeeeeeeeeeeeeeeeeeeeeeeeeeeeeeeeeeee,0x55d398326f99059ff775485246999027b3197955,false,-9570678743406352,1817706000000000,-11388384743406352
0x2170ed0880ac9a755fd29b2688956bd959f933f8,0x8ac76a51cc950d9822d68b83fe1ad97b32cd580d,false,-24504207464866480,131994160024152,-24636201624890632
0x3ee2200efb3400fabb9aacf31297cbdd1d435d47,0xe9e7cea3dedca5984780bafc599bd69add087d56,true,236032940315421796,143667910536576437,92365029778845359
0x2170ed0880ac9a755fd29b2688956bd959f933f8,0x55d398326f99059ff775485246999027b3197955,false,-24552909739271773,131994160024152,-24684903899295925
0x3ee2200efb3400fabb9aacf31297cbdd1d435d47,0x8ac76a51cc950d9822d68b83fe1ad97b32cd580d,true,442172308950424371,219831273163807392,222341035786616979
0xbb4cdb9cbd36b01bd1cbaebf2de08d9173bc095c,0x8ac76a51cc950d9822d68b83fe1ad97b32cd580d,false,-3626953074041567,1079728000000000,-4706681074041567
0x3ee2200efb3400fabb9aacf31297cbdd1d435d47,0x55d398326f99059ff775485246999027b3197955,true,213719962000104913,156652523040903317,57067438959201596
0xbb4cdb9cbd36b01bd1cbaebf2de08d9173bc095c,0x55d398326f99059ff775485246999027b3197955,false,-2201795886308629,1445684000000000,-3647479886308629
0xeeeeeeeeeeeeeeeeeeeeeeeeeeeeeeeeeeeeeeee,0x1af3f329e8be154074d8769d1ffa4ee058b1dbc3,false,-15677937214574758,1282706000000000,-16960643214574758
0xeeeeeeeeeeeeeeeeeeeeeeeeeeeeeeeeeeeeeeee,0xe9e7cea3dedca5984780bafc599bd69add087d56,false,-304113470777829,982228000000000,-1286341470777829
0xbb4cdb9cbd36b01bd1cbaebf2de08d9173bc095c,0x1af3f329e8be154074d8769d1ffa4ee058b1dbc3,false,-4291744930646385,1079728000000000,-5371472930646385
0x2170ed0880ac9a755fd29b2688956bd959f933f8,0x1af3f329e8be154074d8769d1ffa4ee058b1dbc3,false,-24730604580565214,131994160024152,-24862598740589366
0x3ee2200efb3400fabb9aacf31297cbdd1d435d47,0x1af3f329e8be154074d8769d1ffa4ee058b1dbc3,true,257714171910314013,212487574443325340,45226597466988673
0xeeeeeeeeeeeeeeeeeeeeeeeeeeeeeeeeeeeeeeee,0x8ac76a51cc950d9822d68b83fe1ad97b32cd580d,false,-13619176246463670,1740206000000000,-15359382246463670
0xbb4cdb9cbd36b01bd1cbaebf2de08d9173bc095c,0xe9e7cea3dedca5984780bafc599bd69add087d56,true,3968992232514055,1464140000000000,2504852232514055
0xeeeeeeeeeeeeeeeeeeeeeeeeeeeeeeeeeeeeeeee,0x55d398326f99059ff775485246999027b3197955,false,-10292800627827710,1817706000000000,-12110506627827710
0x2170ed0880ac9a755fd29b2688956bd959f933f8,0xe9e7cea3dedca5984780bafc599bd69add087d56,false,-21354561653968734,156957349395646,-21511519003364380
0x3ee2200efb3400fabb9aacf31297cbdd1d435d47,0xe9e7cea3dedca5984780bafc599bd69add087d56,true,236032940315421796,143667910536576437,92365029778845359
0xbb4cdb9cbd36b01bd1cbaebf2de08d9173bc095c,0x8ac76a51cc950d9822d68b83fe1ad97b32cd580d,false,-3718262475599325,1262706000000000,-4980968475599325
0x3ee2200efb3400fabb9aacf31297cbdd1d435d47,0x8ac76a51cc950d9822d68b83fe1ad97b32cd580d,true,332520157203224942,206091108955947763,126429048247277179
0x2170ed0880ac9a755fd29b2688956bd959f933f8,0x8ac76a51cc950d9822d68b83fe1ad97b32cd580d,false,-24504280612180321,131994160024152,-24636274772204473
0x2170ed0880ac9a755fd29b2688956bd959f933f8,0x55d398326f99059ff775485246999027b3197955,false,-24553068650145240,131994160024152,-24685062810169392
0xbb4cdb9cbd36b01bd1cbaebf2de08d9173bc095c,0x55d398326f99059ff775485246999027b3197955,false,-2674458394351626,1445684000000000,-4120142394351626
0x3ee2200efb3400fabb9aacf31297cbdd1d435d47,0x55d398326f99059ff775485246999027b3197955,true,213719962000104913,156652523040903317,57067438959201596
0xeeeeeeeeeeeeeeeeeeeeeeeeeeeeeeeeeeeeeeee,0x1af3f329e8be154074d8769d1ffa4ee058b1dbc3,false,-16360318118672914,1282706000000000,-17643024118672914
0x2170ed0880ac9a755fd29b2688956bd959f933f8,0x1af3f329e8be154074d8769d1ffa4ee058b1dbc3,false,-24732423427372817,131994160024152,-24864417587396969
0x3ee2200efb3400fabb9aacf31297cbdd1d435d47,0x1af3f329e8be154074d8769d1ffa4ee058b1dbc3,true,257714131076970649,212487574443325340,45226556633645309
0xbb4cdb9cbd36b01bd1cbaebf2de08d9173bc095c,0x1af3f329e8be154074d8769d1ffa4ee058b1dbc3,false,-4992810649887020,1079728000000000,-6072538649887020
0x2170ed0880ac9a755fd29b2688956bd959f933f8,0xe9e7cea3dedca5984780bafc599bd69add087d56,false,-21734705816082095,156957349395646,-21891663165477741
0xeeeeeeeeeeeeeeeeeeeeeeeeeeeeeeeeeeeeeeee,0xe9e7cea3dedca5984780bafc599bd69add087d56,false,-4159912320771538,982228000000000,-5142140320771538
0x3ee2200efb3400fabb9aacf31297cbdd1d435d47,0xe9e7cea3dedca5984780bafc599bd69add087d56,true,236007078319202626,143667910536576437,92339167782626189
0xeeeeeeeeeeeeeeeeeeeeeeeeeeeeeeeeeeeeeeee,0x8ac76a51cc950d9822d68b83fe1ad97b32cd580d,false,-19485537209524892,1099728000000000,-20585265209524892
0x3ee2200efb3400fabb9aacf31297cbdd1d435d47,0x8ac76a51cc950d9822d68b83fe1ad97b32cd580d,true,332494036682439967,206091108955947763,126402927726492204
0x2170ed0880ac9a755fd29b2688956bd959f933f8,0x8ac76a51cc950d9822d68b83fe1ad97b32cd580d,false,-24504275719975576,131994160024152,-24636269879999728
0xbb4cdb9cbd36b01bd1cbaebf2de08d9173bc095c,0xe9e7cea3dedca5984780bafc599bd69add087d56,false,-524204353711829,1464140000000000,-1988344353711829
0xeeeeeeeeeeeeeeeeeeeeeeeeeeeeeeeeeeeeeeee,0x55d398326f99059ff775485246999027b3197955,false,-17748039224852117,1367228000000000,-19115267224852117
0x3ee2200efb3400fabb9aacf31297cbdd1d435d47,0x55d398326f99059ff775485246999027b3197955,true,213694156379024222,156652523040903317,57041633338120905
0xbb4cdb9cbd36b01bd1cbaebf2de08d9173bc095c,0x8ac76a51cc950d9822d68b83fe1ad97b32cd580d,false,-8214255822178548,1262706000000000,-9476961822178548
0xbb4cdb9cbd36b01bd1cbaebf2de08d9173bc095c,0x55d398326f99059ff775485246999027b3197955,false,-11837379394917136,1445684000000000,-13283063394917136
0xeeeeeeeeeeeeeeeeeeeeeeeeeeeeeeeeeeeeeeee,0x1af3f329e8be154074d8769d1ffa4ee058b1dbc3,false,-25266211769857602,1099728000000000,-26365939769857602
0x2170ed0880ac9a755fd29b2688956bd959f933f8,0x1af3f329e8be154074d8769d1ffa4ee058b1dbc3,false,-24732368261952918,131994160024152,-24864362421977070
0x3ee2200efb3400fabb9aacf31297cbdd1d435d47,0x1af3f329e8be154074d8769d1ffa4ee058b1dbc3,true,257875999019518139,212487574443325340,45388424576192799
0xbb4cdb9cbd36b01bd1cbaebf2de08d9173bc095c,0x1af3f329e8be154074d8769d1ffa4ee058b1dbc3,false,-14074809914344119,1079728000000000,-15154537914344119
0xeeeeeeeeeeeeeeeeeeeeeeeeeeeeeeeeeeeeeeee,0xe9e7cea3dedca5984780bafc599bd69add087d56,false,-9560699276947733,982228000000000,-10542927276947733
0xeeeeeeeeeeeeeeeeeeeeeeeeeeeeeeeeeeeeeeee,0x8ac76a51cc950d9822d68b83fe1ad97b32cd580d,false,-28843799335437224,923772000000000,-29767571335437224
0x3ee2200efb3400fabb9aacf31297cbdd1d435d47,0xe9e7cea3dedca5984780bafc599bd69add087d56,true,236194481461704629,143667910536576437,92526570925128192
0xbb4cdb9cbd36b01bd1cbaebf2de08d9173bc095c,0xe9e7cea3dedca5984780bafc599bd69add087d56,false,-5230043074464930,1464140000000000,-6694183074464930
0x2170ed0880ac9a755fd29b2688956bd959f933f8,0xe9e7cea3dedca5984780bafc599bd69add087d56,false,-22440021520923559,75770658034913,-22515792178958472
0xeeeeeeeeeeeeeeeeeeeeeeeeeeeeeeeeeeeeeeee,0x55d398326f99059ff775485246999027b3197955,false,-27306734349594344,1191272000000000,-28498006349594344
0x3ee2200efb3400fabb9aacf31297cbdd1d435d47,0x8ac76a51cc950d9822d68b83fe1ad97b32cd580d,true,332689357094930315,206091108955947763,126598248138982552
0xbb4cdb9cbd36b01bd1cbaebf2de08d9173bc095c,0x8ac76a51cc950d9822d68b83fe1ad97b32cd580d,false,-18950250672505117,1262706000000000,-20212956672505117
0x2170ed0880ac9a755fd29b2688956bd959f933f8,0x8ac76a51cc950d9822d68b83fe1ad97b32cd580d,false,-24504188781891696,131994160024152,-24636182941915848
0x3ee2200efb3400fabb9aacf31297cbdd1d435d47,0x55d398326f99059ff775485246999027b3197955,true,213887240332173259,156652523040903317,57234717291269942
0x2170ed0880ac9a755fd29b2688956bd959f933f8,0x55d398326f99059ff775485246999027b3197955,false,-24552104622042634,131994160024152,-24684098782066786
0xbb4cdb9cbd36b01bd1cbaebf2de08d9173bc095c,0x55d398326f99059ff775485246999027b3197955,false,-19526617794562841,1246162000000000,-20772779794562841
0xeeeeeeeeeeeeeeeeeeeeeeeeeeeeeeeeeeeeeeee,0x1af3f329e8be154074d8769d1ffa4ee058b1dbc3,false,-28949002943936425,923772000000000,-29872774943936425
0xbb4cdb9cbd36b01bd1cbaebf2de08d9173bc095c,0x1af3f329e8be154074d8769d1ffa4ee058b1dbc3,false,-21024078400506410,1079728000000000,-22103806400506410
0x2170ed0880ac9a755fd29b2688956bd959f933f8,0x1af3f329e8be154074d8769d1ffa4ee058b1dbc3,false,-24731876756892180,131994160024152,-24863870916916332
0xeeeeeeeeeeeeeeeeeeeeeeeeeeeeeeeeeeeeeeee,0xe9e7cea3dedca5984780bafc599bd69add087d56,false,-16512331452416721,982228000000000,-17494559452416721
0x3ee2200efb3400fabb9aacf31297cbdd1d435d47,0x1af3f329e8be154074d8769d1ffa4ee058b1dbc3,true,257893828246658047,212487574443325340,45406253803332707
0xeeeeeeeeeeeeeeeeeeeeeeeeeeeeeeeeeeeeeeee,0x8ac76a51cc950d9822d68b83fe1ad97b32cd580d,false,-28941080872747605,923772000000000,-29864852872747605
0xbb4cdb9cbd36b01bd1cbaebf2de08d9173bc095c,0xe9e7cea3dedca5984780bafc599bd69add087d56,false,-12175426256550030,1464140000000000,-13639566256550030
0x2170ed0880ac9a755fd29b2688956bd959f933f8,0xe9e7cea3dedca5984780bafc599bd69add087d56,false,-22440021520923559,75770658034913,-22515792178958472
0x3ee2200efb3400fabb9aacf31297cbdd1d435d47,0xe9e7cea3dedca5984780bafc599bd69add087d56,true,236212283910012316,143667910536576437,92544373373435879
0xeeeeeeeeeeeeeeeeeeeeeeeeeeeeeeeeeeeeeeee,0x55d398326f99059ff775485246999027b3197955,false,-27459124600644468,1191272000000000,-28650396600644468
0xbb4cdb9cbd36b01bd1cbaebf2de08d9173bc095c,0x8ac76a51cc950d9822d68b83fe1ad97b32cd580d,false,-20199240262729412,1262706000000000,-21461946262729412
0x2170ed0880ac9a755fd29b2688956bd959f933f8,0x8ac76a51cc950d9822d68b83fe1ad97b32cd580d,false,-24504232661239686,131994160024152,-24636226821263838
0x3ee2200efb3400fabb9aacf31297cbdd1d435d47,0x8ac76a51cc950d9822d68b83fe1ad97b32cd580d,true,332652044053734538,206091108955947763,126560935097786775
0x2170ed0880ac9a755fd29b2688956bd959f933f8,0x55d398326f99059ff775485246999027b3197955,false,-24552104622042634,131994160024152,-24684098782066786
0xbb4cdb9cbd36b01bd1cbaebf2de08d9173bc095c,0x55d398326f99059ff775485246999027b3197955,false,-19220890679076789,1445684000000000,-20666574679076789
0x3ee2200efb3400fabb9aacf31297cbdd1d435d47,0x55d398326f99059ff775485246999027b3197955,true,213850351640162615,156652523040903317,57197828599259298
0xeeeeeeeeeeeeeeeeeeeeeeeeeeeeeeeeeeeeeeee,0x1af3f329e8be154074d8769d1ffa4ee058b1dbc3,false,-28974537153270085,923772000000000,-29898309153270085
0x3ee2200efb3400fabb9aacf31297cbdd1d435d47,0x1af3f329e8be154074d8769d1ffa4ee058b1dbc3,true,257845058600623532,212487574443325340,45357484157298192
0xbb4cdb9cbd36b01bd1cbaebf2de08d9173bc095c,0x1af3f329e8be154074d8769d1ffa4ee058b1dbc3,false,-21349876407742432,1079728000000000,-22429604407742432
0x2170ed0880ac9a755fd29b2688956bd959f933f8,0x1af3f329e8be154074d8769d1ffa4ee058b1dbc3,false,-24731876756892180,131994160024152,-24863870916916332
0xeeeeeeeeeeeeeeeeeeeeeeeeeeeeeeeeeeeeeeee,0xe9e7cea3dedca5984780bafc599bd69add087d56,false,-16838247023481960,982228000000000,-17820475023481960
0xeeeeeeeeeeeeeeeeeeeeeeeeeeeeeeeeeeeeeeee,0x8ac76a51cc950d9822d68b83fe1ad97b32cd580d,false,-28941087698706463,923772000000000,-29864859698706463
0x3ee2200efb3400fabb9aacf31297cbdd1d435d47,0xe9e7cea3dedca5984780bafc599bd69add087d56,true,236163614806271307,143667910536576437,92495704269694870
0x2170ed0880ac9a755fd29b2688956bd959f933f8,0xe9e7cea3dedca5984780bafc599bd69add087d56,false,-22440021520923559,75770658034913,-22515792178958472
0xbb4cdb9cbd36b01bd1cbaebf2de08d9173bc095c,0xe9e7cea3dedca5984780bafc599bd69add087d56,false,-12501048439388372,1464140000000000,-13965188439388372
0xeeeeeeeeeeeeeeeeeeeeeeeeeeeeeeeeeeeeeeee,0x55d398326f99059ff775485246999027b3197955,false,-27458755459000534,1191272000000000,-28650027459000534
0x3ee2200efb3400fabb9aacf31297cbdd1d435d47,0x8ac76a51cc950d9822d68b83fe1ad97b32cd580d,true,332652044053734538,206091108955947763,126560935097786775
0xbb4cdb9cbd36b01bd1cbaebf2de08d9173bc095c,0x8ac76a51cc950d9822d68b83fe1ad97b32cd580d,false,-20199396249110468,1262706000000000,-21462102249110468
0x3ee2200efb3400fabb9aacf31297cbdd1d435d47,0x55d398326f99059ff775485246999027b3197955,true,213850351640162615,156652523040903317,57197828599259298
0x2170ed0880ac9a755fd29b2688956bd959f933f8,0x8ac76a51cc950d9822d68b83fe1ad97b32cd580d,false,-24504279096709064,131994160024152,-24636273256733216
0x2170ed0880ac9a755fd29b2688956bd959f933f8,0x55d398326f99059ff775485246999027b3197955,false,-24551920931087908,131994160024152,-24683915091112060
0xbb4cdb9cbd36b01bd1cbaebf2de08d9173bc095c,0x55d398326f99059ff775485246999027b3197955,false,-18563679059509586,1445684000000000,-20009363059509586
0xeeeeeeeeeeeeeeeeeeeeeeeeeeeeeeeeeeeeeeee,0x1af3f329e8be154074d8769d1ffa4ee058b1dbc3,false,-28974738381179945,923772000000000,-29898510381179945
0x2170ed0880ac9a755fd29b2688956bd959f933f8,0x1af3f329e8be154074d8769d1ffa4ee058b1dbc3,false,-24733246112631549,131994160024152,-24865240272655701
0xeeeeeeeeeeeeeeeeeeeeeeeeeeeeeeeeeeeeeeee,0xe9e7cea3dedca5984780bafc599bd69add087d56,false,-16851698528645415,982228000000000,-17833926528645415
0xbb4cdb9cbd36b01bd1cbaebf2de08d9173bc095c,0x1af3f329e8be154074d8769d1ffa4ee058b1dbc3,false,-21365003609277362,1079728000000000,-22444731609277362
0x3ee2200efb3400fabb9aacf31297cbdd1d435d47,0x1af3f329e8be154074d8769d1ffa4ee058b1dbc3,true,257845058600623532,212487574443325340,45357484157298192
0xeeeeeeeeeeeeeeeeeeeeeeeeeeeeeeeeeeeeeeee,0x8ac76a51cc950d9822d68b83fe1ad97b32cd580d,false,-28941087698706463,923772000000000,-29864859698706463
0x2170ed0880ac9a755fd29b2688956bd959f933f8,0xe9e7cea3dedca5984780bafc599bd69add087d56,false,-22440021520923559,75770658034913,-22515792178958472
0xeeeeeeeeeeeeeeeeeeeeeeeeeeeeeeeeeeeeeeee,0x55d398326f99059ff775485246999027b3197955,false,-27458755459000534,1191272000000000,-28650027459000534
0x3ee2200efb3400fabb9aacf31297cbdd1d435d47,0xe9e7cea3dedca5984780bafc599bd69add087d56,true,236163614806271307,143667910536576437,92495704269694870
0xbb4cdb9cbd36b01bd1cbaebf2de08d9173bc095c,0xe9e7cea3dedca5984780bafc599bd69add087d56,false,-17028408933995426,1776760000000000,-18805168933995426
0x2170ed0880ac9a755fd29b2688956bd959f933f8,0x8ac76a51cc950d9822d68b83fe1ad97b32cd580d,false,-24504279096709064,131994160024152,-24636273256733216
0x3ee2200efb3400fabb9aacf31297cbdd1d435d47,0x8ac76a51cc950d9822d68b83fe1ad97b32cd580d,true,332652044053734538,206091108955947763,126560935097786775
0xbb4cdb9cbd36b01bd1cbaebf2de08d9173bc095c,0x8ac76a51cc950d9822d68b83fe1ad97b32cd580d,false,-27186981456452661,1086750000000000,-28273731456452661
0x2170ed0880ac9a755fd29b2688956bd959f933f8,0x55d398326f99059ff775485246999027b3197955,false,-24551920931087908,131994160024152,-24683915091112060
0x3ee2200efb3400fabb9aacf31297cbdd1d435d47,0x55d398326f99059ff775485246999027b3197955,true,213850351640162615,156652523040903317,57197828599259298
0xbb4cdb9cbd36b01bd1cbaebf2de08d9173bc095c,0x55d398326f99059ff775485246999027b3197955,false,-25543000020404891,1269728000000000,-26812728020404891
0xeeeeeeeeeeeeeeeeeeeeeeeeeeeeeeeeeeeeeeee,0x1af3f329e8be154074d8769d1ffa4ee058b1dbc3,false,-28974751197741469,923772000000000,-29898523197741469
0x3ee2200efb3400fabb9aacf31297cbdd1d435d47,0x1af3f329e8be154074d8769d1ffa4ee058b1dbc3,true,257845058600623532,212487574443325340,45357484157298192
0xbb4cdb9cbd36b01bd1cbaebf2de08d9173bc095c,0x1af3f329e8be154074d8769d1ffa4ee058b1dbc3,false,-28974751197741469,903772000000000,-29878523197741469
0x2170ed0880ac9a755fd29b2688956bd959f933f8,0x1af3f329e8be154074d8769d1ffa4ee058b1dbc3,false,-24733333329373677,131994160024152,-24865327489397829
0xeeeeeeeeeeeeeeeeeeeeeeeeeeeeeeeeeeeeeeee,0xe9e7cea3dedca5984780bafc599bd69add087d56,false,-24217136771191966,806272000000000,-25023408771191966
0x3ee2200efb3400fabb9aacf31297cbdd1d435d47,0xe9e7cea3dedca5984780bafc599bd69add087d56,true,246247514325987749,143667910536576437,102579603789411312
0xeeeeeeeeeeeeeeeeeeeeeeeeeeeeeeeeeeeeeeee,0x8ac76a51cc950d9822d68b83fe1ad97b32cd580d,false,-28941088133557687,923772000000000,-29864860133557687
0x2170ed0880ac9a755fd29b2688956bd959f933f8,0xe9e7cea3dedca5984780bafc599bd69add087d56,false,-22440021520923559,75770658034913,-22515792178958472
0xbb4cdb9cbd36b01bd1cbaebf2de08d9173bc095c,0xe9e7cea3dedca5984780bafc599bd69add087d56,false,-17028417232274276,1776760000000000,-18805177232274276
0x3ee2200efb3400fabb9aacf31297cbdd1d435d47,0x8ac76a51cc950d9822d68b83fe1ad97b32cd580d,true,342782144032934299,206091108955947763,136691035076986536
0xeeeeeeeeeeeeeeeeeeeeeeeeeeeeeeeeeeeeeeee,0x55d398326f99059ff775485246999027b3197955,false,-27458732091727367,1191272000000000,-28650004091727367
0x2170ed0880ac9a755fd29b2688956bd959f933f8,0x8ac76a51cc950d9822d68b83fe1ad97b32cd580d,false,-24504282054904545,131994160024152,-24636276214928697
0x3ee2200efb3400fabb9aacf31297cbdd1d435d47,0x55d398326f99059ff775485246999027b3197955,true,213850351640162615,156652523040903317,57197828599259298
0x2170ed0880ac9a755fd29b2688956bd959f933f8,0x55d398326f99059ff775485246999027b3197955,false,-24551909320573732,131994160024152,-24683903480597884
0xbb4cdb9cbd36b01bd1cbaebf2de08d9173bc095c,0x8ac76a51cc950d9822d68b83fe1ad97b32cd580d,false,-24878537460085479,1628662000000000,-26507199460085479
0xbb4cdb9cbd36b01bd1cbaebf2de08d9173bc095c,0x55d398326f99059ff775485246999027b3197955,false,-8428369179065779,1262706000000000,-9691075179065779
0x3ee2200efb3400fabb9aacf31297cbdd1d435d47,0x1af3f329e8be154074d8769d1ffa4ee058b1dbc3,true,268495645751565353,212487574443325340,56008071308240013
0xeeeeeeeeeeeeeeeeeeeeeeeeeeeeeeeeeeeeeeee,0x1af3f329e8be154074d8769d1ffa4ee058b1dbc3,false,-12767381127445488,1099728000000000,-13867109127445488
0xbb4cdb9cbd36b01bd1cbaebf2de08d9173bc095c,0x1af3f329e8be154074d8769d1ffa4ee058b1dbc3,false,-12767381127445488,1079728000000000,-13847109127445488
0xeeeeeeeeeeeeeeeeeeeeeeeeeeeeeeeeeeeeeeee,0xe9e7cea3dedca5984780bafc599bd69add087d56,false,-8333756737850472,799250000000000,-9133006737850472
0x2170ed0880ac9a755fd29b2688956bd959f933f8,0x1af3f329e8be154074d8769d1ffa4ee058b1dbc3,false,-35346490280662264,157687433029047,-35504177713691311
0xeeeeeeeeeeeeeeeeeeeeeeeeeeeeeeeeeeeeeeee,0x8ac76a51cc950d9822d68b83fe1ad97b32cd580d,false,-10027714804622283,1557228000000000,-11584942804622283
0xbb4cdb9cbd36b01bd1cbaebf2de08d9173bc095c,0xe9e7cea3dedca5984780bafc599bd69add087d56,false,-1251047687414862,1654140000000000,-2905187687414862
0x3ee2200efb3400fabb9aacf31297cbdd1d435d47,0xe9e7cea3dedca5984780bafc599bd69add087d56,true,246844209820227697,143667910536576437,103176299283651260
0x2170ed0880ac9a755fd29b2688956bd959f933f8,0xe9e7cea3dedca5984780bafc599bd69add087d56,false,-13203949167986962,155932017825360,-13359881185812322
0xeeeeeeeeeeeeeeeeeeeeeeeeeeeeeeeeeeeeeeee,0x55d398326f99059ff775485246999027b3197955,false,-10046312822751292,1374250000000000,-11420562822751292
0x3ee2200efb3400fabb9aacf31297cbdd1d435d47,0x8ac76a51cc950d9822d68b83fe1ad97b32cd580d,true,343384466748363529,206091108955947763,137293357792415766
0xbb4cdb9cbd36b01bd1cbaebf2de08d9173bc095c,0x8ac76a51cc950d9822d68b83fe1ad97b32cd580d,false,-9191763749619544,1262706000000000,-10454469749619544
0x2170ed0880ac9a755fd29b2688956bd959f933f8,0x8ac76a51cc950d9822d68b83fe1ad97b32cd580d,false,-15840776676262074,157687433029047,-15998464109291121
0x3ee2200efb3400fabb9aacf31297cbdd1d435d47,0x55d398326f99059ff775485246999027b3197955,true,214445160470229818,156652523040903317,57792637429326501
0x2170ed0880ac9a755fd29b2688956bd959f933f8,0x55d398326f99059ff775485246999027b3197955,false,-15888224912346402,157687433029047,-16045912345375449
0xbb4cdb9cbd36b01bd1cbaebf2de08d9173bc095c,0x55d398326f99059ff775485246999027b3197955,false,-9540882078833734,1262706000000000,-10803588078833734
0xeeeeeeeeeeeeeeeeeeeeeeeeeeeeeeeeeeeeeeee,0x1af3f329e8be154074d8769d1ffa4ee058b1dbc3,false,-27740199480206920,1106750000000000,-28846949480206920
0xbb4cdb9cbd36b01bd1cbaebf2de08d9173bc095c,0x1af3f329e8be154074d8769d1ffa4ee058b1dbc3,false,-27737358409518887,1086750000000000,-28824108409518887
0x2170ed0880ac9a755fd29b2688956bd959f933f8,0x1af3f329e8be154074d8769d1ffa4ee058b1dbc3,false,-16071980563423028,157687433029047,-16229667996452075
0xeeeeeeeeeeeeeeeeeeeeeeeeeeeeeeeeeeeeeeee,0xe9e7cea3dedca5984780bafc599bd69add087d56,false,-24308623667399725,806272000000000,-25114895667399725
0x3ee2200efb3400fabb9aacf31297cbdd1d435d47,0x1af3f329e8be154074d8769d1ffa4ee058b1dbc3,true,268541104015909335,212487574443325340,56053529572583995
0xeeeeeeeeeeeeeeeeeeeeeeeeeeeeeeeeeeeeeeee,0x8ac76a51cc950d9822d68b83fe1ad97b32cd580d,false,-28195275163196750,1106750000000000,-29302025163196750
0xbb4cdb9cbd36b01bd1cbaebf2de08d9173bc095c,0xe9e7cea3dedca5984780bafc599bd69add087d56,false,-14964717893459250,2196052000000000,-17160769893459250
0x2170ed0880ac9a755fd29b2688956bd959f933f8,0xe9e7cea3dedca5984780bafc599bd69add087d56,false,-13203949167986962,155932017825360,-13359881185812322
0x3ee2200efb3400fabb9aacf31297cbdd1d435d47,0xe9e7cea3dedca5984780bafc599bd69add087d56,true,246844209820227697,143667910536576437,103176299283651260
0xeeeeeeeeeeeeeeeeeeeeeeeeeeeeeeeeeeeeeeee,0x55d398326f99059ff775485246999027b3197955,false,-26302802067731929,1174728000000000,-27477530067731929
0xbb4cdb9cbd36b01bd1cbaebf2de08d9173bc095c,0x8ac76a51cc950d9822d68b83fe1ad97b32cd580d,false,-27103457437581149,1086750000000000,-28190207437581149
0x2170ed0880ac9a755fd29b2688956bd959f933f8,0x8ac76a51cc950d9822d68b83fe1ad97b32cd580d,false,-15840830218757734,157687433029047,-15998517651786781
0x3ee2200efb3400fabb9aacf31297cbdd1d435d47,0x8ac76a51cc950d9822d68b83fe1ad97b32cd580d,true,343384053482067871,206091108955947763,137292944526120108
0xbb4cdb9cbd36b01bd1cbaebf2de08d9173bc095c,0x55d398326f99059ff775485246999027b3197955,false,-26513629474821836,1070206000000000,-27583835474821836
0x2170ed0880ac9a755fd29b2688956bd959f933f8,0x55d398326f99059ff775485246999027b3197955,false,-15888236824560601,157687433029047,-16045924257589648
0x3ee2200efb3400fabb9aacf31297cbdd1d435d47,0x55d398326f99059ff775485246999027b3197955,true,214445160470229818,156652523040903317,57792637429326501
0xeeeeeeeeeeeeeeeeeeeeeeeeeeeeeeeeeeeeeeee,0x1af3f329e8be154074d8769d1ffa4ee058b1dbc3,false,-29242446289760068,923772000000000,-30166218289760068
0x2170ed0880ac9a755fd29b2688956bd959f933f8,0x1af3f329e8be154074d8769d1ffa4ee058b1dbc3,false,-16071980563423028,157687433029047,-16229667996452075
0x3ee2200efb3400fabb9aacf31297cbdd1d435d47,0x1af3f329e8be154074d8769d1ffa4ee058b1dbc3,true,268541104015909335,212487574443325340,56053529572583995
0xbb4cdb9cbd36b01bd1cbaebf2de08d9173bc095c,0x1af3f329e8be154074d8769d1ffa4ee058b1dbc3,false,-29242446289760068,903772000000000,-30146218289760068
0xeeeeeeeeeeeeeeeeeeeeeeeeeeeeeeeeeeeeeeee,0xe9e7cea3dedca5984780bafc599bd69add087d56,false,-25170105005283601,806272000000000,-25976377005283601
0x3ee2200efb3400fabb9aacf31297cbdd1d435d47,0xe9e7cea3dedca5984780bafc599bd69add087d56,true,246844209820227697,143667910536576437,103176299283651260
0xeeeeeeeeeeeeeeeeeeeeeeeeeeeeeeeeeeeeeeee,0x8ac76a51cc950d9822d68b83fe1ad97b32cd580d,false,-29192882360267969,923772000000000,-30116654360267969
0xbb4cdb9cbd36b01bd1cbaebf2de08d9173bc095c,0xe9e7cea3dedca5984780bafc599bd69add087d56,false,-17887889916133053,1837118000000000,-19725007916133053
0x2170ed0880ac9a755fd29b2688956bd959f933f8,0xe9e7cea3dedca5984780bafc599bd69add087d56,false,-13203949167986962,155932017825360,-13359881185812322
0x3ee2200efb3400fabb9aacf31297cbdd1d435d47,0x8ac76a51cc950d9822d68b83fe1ad97b32cd580d,true,343384053482067871,206091108955947763,137292944526120108
0xbb4cdb9cbd36b01bd1cbaebf2de08d9173bc095c,0x8ac76a51cc950d9822d68b83fe1ad97b32cd580d,false,-14834328693353516,1445684000000000,-16280012693353516
0x2170ed0880ac9a755fd29b2688956bd959f933f8,0x8ac76a51cc950d9822d68b83fe1ad97b32cd580d,false,-24510258000901924,131994160024152,-24642252160926076
0xeeeeeeeeeeeeeeeeeeeeeeeeeeeeeeeeeeeeeeee,0x55d398326f99059ff775485246999027b3197955,false,-33333110793930849,1374618000000000,-34707728793930849
0x3ee2200efb3400fabb9aacf31297cbdd1d435d47,0x55d398326f99059ff775485246999027b3197955,true,221833162538293010,156652523040903317,65180639497389693
0xbb4cdb9cbd36b01bd1cbaebf2de08d9173bc095c,0x55d398326f99059ff775485246999027b3197955,false,-17999348316504498,1628662000000000,-19628010316504498
0x2170ed0880ac9a755fd29b2688956bd959f933f8,0x55d398326f99059ff775485246999027b3197955,false,-24555996392425434,131994160024152,-24687990552449586
0xeeeeeeeeeeeeeeeeeeeeeeeeeeeeeeeeeeeeeeee,0x1af3f329e8be154074d8769d1ffa4ee058b1dbc3,false,-16871362867893534,1092706000000000,-17964068867893534
0x2170ed0880ac9a755fd29b2688956bd959f933f8,0x1af3f329e8be154074d8769d1ffa4ee058b1dbc3,false,-24741849285091695,131994160024152,-24873843445115847
0xbb4cdb9cbd36b01bd1cbaebf2de08d9173bc095c,0x1af3f329e8be154074d8769d1ffa4ee058b1dbc3,false,-15538312940996489,1255684000000000,-16793996940996489
0x3ee2200efb3400fabb9aacf31297cbdd1d435d47,0x1af3f329e8be154074d8769d1ffa4ee058b1dbc3,true,275968127311314301,212487574443325340,63480552867988961
0xeeeeeeeeeeeeeeeeeeeeeeeeeeeeeeeeeeeeeeee,0xe9e7cea3dedca5984780bafc599bd69add087d56,false,-11625983011420627,982228000000000,-12608211011420627
0xeeeeeeeeeeeeeeeeeeeeeeeeeeeeeeeeeeeeeeee,0x8ac76a51cc950d9822d68b83fe1ad97b32cd580d,false,-13026988753434069,1740206000000000,-14767194753434069
0xbb4cdb9cbd36b01bd1cbaebf2de08d9173bc095c,0xe9e7cea3dedca5984780bafc599bd69add087d56,false,-632236817817959,1839618000000000,-2471854817817959
0x2170ed0880ac9a755fd29b2688956bd959f933f8,0xe9e7cea3dedca5984780bafc599bd69add087d56,false,-22444337798779904,75770658034913,-22520108456814817
0xeeeeeeeeeeeeeeeeeeeeeeeeeeeeeeeeeeeeeeee,0x55d398326f99059ff775485246999027b3197955,false,-10326599184319308,2190684000000000,-12517283184319308
0xbb4cdb9cbd36b01bd1cbaebf2de08d9173bc095c,0x8ac76a51cc950d9822d68b83fe1ad97b32cd580d,false,-8734326810250762,1445684000000000,-10180010810250762
0x3ee2200efb3400fabb9aacf31297cbdd1d435d47,0xe9e7cea3dedca5984780bafc599bd69add087d56,true,246844209820227697,143667910536576437,103176299283651260
0x2170ed0880ac9a755fd29b2688956bd959f933f8,0x8ac76a51cc950d9822d68b83fe1ad97b32cd580d,false,-24508905591393323,131994160024152,-24640899751417475
0xbb4cdb9cbd36b01bd1cbaebf2de08d9173bc095c,0x55d398326f99059ff775485246999027b3197955,true,7938084722203802,1445684000000000,6492400722203802
0x3ee2200efb3400fabb9aacf31297cbdd1d435d47,0x8ac76a51cc950d9822d68b83fe1ad97b32cd580d,true,352421098880496453,206091108955947763,146329989924548690
0x2170ed0880ac9a755fd29b2688956bd959f933f8,0x55d398326f99059ff775485246999027b3197955,false,-2978230478594999,131994160024152,-3110224638619151
0x3ee2200efb3400fabb9aacf31297cbdd1d435d47,0x55d398326f99059ff775485246999027b3197955,true,228723572693847055,156652523040903317,72071049652943738
0xeeeeeeeeeeeeeeeeeeeeeeeeeeeeeeeeeeeeeeee,0x1af3f329e8be154074d8769d1ffa4ee058b1dbc3,true,1592317353219368,916750000000000,675567353219368
0xeeeeeeeeeeeeeeeeeeeeeeeeeeeeeeeeeeeeeeee,0xe9e7cea3dedca5984780bafc599bd69add087d56,true,7230610516089302,799250000000000,6431360516089302
0xbb4cdb9cbd36b01bd1cbaebf2de08d9173bc095c,0x1af3f329e8be154074d8769d1ffa4ee058b1dbc3,true,5514810460118022,1079728000000000,4435082460118022
0x3ee2200efb3400fabb9aacf31297cbdd1d435d47,0x1af3f329e8be154074d8769d1ffa4ee058b1dbc3,true,282895029110797984,212487574443325340,70407454667472644
0x2170ed0880ac9a755fd29b2688956bd959f933f8,0x1af3f329e8be154074d8769d1ffa4ee058b1dbc3,false,-15288368678173335,157687433029047,-15446056111202382
0xbb4cdb9cbd36b01bd1cbaebf2de08d9173bc095c,0xe9e7cea3dedca5984780bafc599bd69add087d56,true,15641754857147731,1830096000000000,13811658857147731
0xeeeeeeeeeeeeeeeeeeeeeeeeeeeeeeeeeeeeeeee,0x8ac76a51cc950d9822d68b83fe1ad97b32cd580d,false,-18843562139266524,916750000000000,-19760312139266524
0x3ee2200efb3400fabb9aacf31297cbdd1d435d47,0xe9e7cea3dedca5984780bafc599bd69add087d56,true,261167848216729077,143667910536576437,117499937680152640
0x2170ed0880ac9a755fd29b2688956bd959f933f8,0xe9e7cea3dedca5984780bafc599bd69add087d56,false,-16637353852510350,264180362738932,-16901534215249282
0xbb4cdb9cbd36b01bd1cbaebf2de08d9173bc095c,0x8ac76a51cc950d9822d68b83fe1ad97b32cd580d,false,-17670006973996024,1079728000000000,-18749734973996024
0xeeeeeeeeeeeeeeeeeeeeeeeeeeeeeeeeeeeeeeee,0x55d398326f99059ff775485246999027b3197955,false,-11106987768870667,1824728000000000,-12931715768870667
0x2170ed0880ac9a755fd29b2688956bd959f933f8,0x8ac76a51cc950d9822d68b83fe1ad97b32cd580d,false,-20001298541025732,185429682649268,-20186728223675000
0xbb4cdb9cbd36b01bd1cbaebf2de08d9173bc095c,0x55d398326f99059ff775485246999027b3197955,false,-16117265685847315,1262706000000000,-17379971685847315
0x3ee2200efb3400fabb9aacf31297cbdd1d435d47,0x8ac76a51cc950d9822d68b83fe1ad97b32cd580d,true,357842450485197467,206091108955947763,151751341529249704
0x3ee2200efb3400fabb9aacf31297cbdd1d435d47,0x55d398326f99059ff775485246999027b3197955,true,228723572693847055,156652523040903317,72071049652943738
0xeeeeeeeeeeeeeeeeeeeeeeeeeeeeeeeeeeeeeeee,0x1af3f329e8be154074d8769d1ffa4ee058b1dbc3,false,-28787172246428054,923772000000000,-29710944246428054
0x2170ed0880ac9a755fd29b2688956bd959f933f8,0x1af3f329e8be154074d8769d1ffa4ee058b1dbc3,false,-19787456334471086,269064243223868,-20056520577694954
0x3ee2200efb3400fabb9aacf31297cbdd1d435d47,0x1af3f329e8be154074d8769d1ffa4ee058b1dbc3,true,282895029110797984,212487574443325340,70407454667472644
0xbb4cdb9cbd36b01bd1cbaebf2de08d9173bc095c,0x1af3f329e8be154074d8769d1ffa4ee058b1dbc3,false,-14937071080121835,1628662000000000,-16565733080121835
0xeeeeeeeeeeeeeeeeeeeeeeeeeeeeeeeeeeeeeeee,0xe9e7cea3dedca5984780bafc599bd69add087d56,false,-17547539310861179,982228000000000,-18529767310861179
0x2170ed0880ac9a755fd29b2688956bd959f933f8,0xe9e7cea3dedca5984780bafc599bd69add087d56,false,-22255433451652266,102492789606311,-22357926241258577
0x3ee2200efb3400fabb9aacf31297cbdd1d435d47,0xe9e7cea3dedca5984780bafc599bd69add087d56,true,261167848216729077,143667910536576437,117499937680152640
0xeeeeeeeeeeeeeeeeeeeeeeeeeeeeeeeeeeeeeeee,0x8ac76a51cc950d9822d68b83fe1ad97b32cd580d,false,-28736995618562107,923772000000000,-29660767618562107
0x2170ed0880ac9a755fd29b2688956bd959f933f8,0x8ac76a51cc950d9822d68b83fe1ad97b32cd580d,false,-24510394722503187,131994160024152,-24642388882527339
0xbb4cdb9cbd36b01bd1cbaebf2de08d9173bc095c,0xe9e7cea3dedca5984780bafc599bd69add087d56,false,-9083928537102732,2013074000000000,-11097002537102732
0xeeeeeeeeeeeeeeeeeeeeeeeeeeeeeeeeeeeeeeee,0x55d398326f99059ff775485246999027b3197955,false,-26166161901382516,1191272000000000,-27357433901382516
0x3ee2200efb3400fabb9aacf31297cbdd1d435d47,0x8ac76a51cc950d9822d68b83fe1ad97b32cd580d,true,357842450485128476,206091108955947763,151751341529180713
0x2170ed0880ac9a755fd29b2688956bd959f933f8,0x55d398326f99059ff775485246999027b3197955,false,-24366446771402044,158844926099361,-24525291697501405
0xbb4cdb9cbd36b01bd1cbaebf2de08d9173bc095c,0x8ac76a51cc950d9822d68b83fe1ad97b32cd580d,false,-21549023821800490,1262706000000000,-22811729821800490
0x3ee2200efb3400fabb9aacf31297cbdd1d435d47,0x55d398326f99059ff775485246999027b3197955,true,228723572693847055,156782946886575651,71940625807271404
0xbb4cdb9cbd36b01bd1cbaebf2de08d9173bc095c,0x55d398326f99059ff775485246999027b3197955,false,-4095444437942299,1445684000000000,-5541128437942299
0xeeeeeeeeeeeeeeeeeeeeeeeeeeeeeeeeeeeeeeee,0x1af3f329e8be154074d8769d1ffa4ee058b1dbc3,false,-11207461737613563,923772000000000,-12131233737613563
0xbb4cdb9cbd36b01bd1cbaebf2de08d9173bc095c,0x1af3f329e8be154074d8769d1ffa4ee058b1dbc3,false,-4937871456884523,1262706000000000,-6200577456884523
0x3ee2200efb3400fabb9aacf31297cbdd1d435d47,0x1af3f329e8be154074d8769d1ffa4ee058b1dbc3,true,282895028793357073,212664463026279341,70230565767077732
0x2170ed0880ac9a755fd29b2688956bd959f933f8,0x1af3f329e8be154074d8769d1ffa4ee058b1dbc3,false,-24552724851359330,158844926099361,-24711569777458691
0xeeeeeeeeeeeeeeeeeeeeeeeeeeeeeeeeeeeeeeee,0xe9e7cea3dedca5984780bafc599bd69add087d56,false,-19033037982626588,982228000000000,-20015265982626588
0xeeeeeeeeeeeeeeeeeeeeeeeeeeeeeeeeeeeeeeee,0x8ac76a51cc950d9822d68b83fe1ad97b32cd580d,false,-28736626428191157,923772000000000,-29660398428191157
0xbb4cdb9cbd36b01bd1cbaebf2de08d9173bc095c,0xe9e7cea3dedca5984780bafc599bd69add087d56,false,-10744906218676726,2013074000000000,-12757980218676726
0x3ee2200efb3400fabb9aacf31297cbdd1d435d47,0xe9e7cea3dedca5984780bafc599bd69add087d56,true,248910926707243816,143787527228275469,105123399478968347
0x2170ed0880ac9a755fd29b2688956bd959f933f8,0xe9e7cea3dedca5984780bafc599bd69add087d56,false,-22255445946650131,102578143308190,-22358024089958321
0xeeeeeeeeeeeeeeeeeeeeeeeeeeeeeeeeeeeeeeee,0x55d398326f99059ff775485246999027b3197955,false,-26238102198337226,1191272000000000,-27429374198337226
0x3ee2200efb3400fabb9aacf31297cbdd1d435d47,0x8ac76a51cc950d9822d68b83fe1ad97b32cd580d,true,357842450204927847,206262675116199622,151579775088728225
0xbb4cdb9cbd36b01bd1cbaebf2de08d9173bc095c,0x8ac76a51cc950d9822d68b83fe1ad97b32cd580d,false,-23035866033184867,1262706000000000,-24298572033184867
0x2170ed0880ac9a755fd29b2688956bd959f933f8,0x8ac76a51cc950d9822d68b83fe1ad97b32cd580d,false,-24320011686421972,158844926099361,-24478856612521333
0x3ee2200efb3400fabb9aacf31297cbdd1d435d47,0x55d398326f99059ff775485246999027b3197955,true,228723572693847055,156782946886575651,71940625807271404
0xbb4cdb9cbd36b01bd1cbaebf2de08d9173bc095c,0x55d398326f99059ff775485246999027b3197955,false,-21376360172716469,1445684000000000,-22822044172716469
0x2170ed0880ac9a755fd29b2688956bd959f933f8,0x55d398326f99059ff775485246999027b3197955,false,-24366459263763272,158844926099361,-24525304189862633
0xeeeeeeeeeeeeeeeeeeeeeeeeeeeeeeeeeeeeeeee,0x1af3f329e8be154074d8769d1ffa4ee058b1dbc3,false,-20599325548110293,1099728000000000,-21699053548110293
0x2170ed0880ac9a755fd29b2688956bd959f933f8,0x1af3f329e8be154074d8769d1ffa4ee058b1dbc3,false,-24552767839845236,158844926099361,-24711612765944597
0x3ee2200efb3400fabb9aacf31297cbdd1d435d47,0x1af3f329e8be154074d8769d1ffa4ee058b1dbc3,true,282895028793357073,212664463026279341,70230565767077732
0xeeeeeeeeeeeeeeeeeeeeeeeeeeeeeeeeeeeeeeee,0xe9e7cea3dedca5984780bafc599bd69add087d56,false,-16176587633282767,1174728000000000,-17351315633282767
0x3ee2200efb3400fabb9aacf31297cbdd1d435d47,0xe9e7cea3dedca5984780bafc599bd69add087d56,true,248910926707243816,143787527228275469,105123399478968347
0xbb4cdb9cbd36b01bd1cbaebf2de08d9173bc095c,0x1af3f329e8be154074d8769d1ffa4ee058b1dbc3,false,-19415549509231058,1262706000000000,-20678255509231058
0x2170ed0880ac9a755fd29b2688956bd959f933f8,0xe9e7cea3dedca5984780bafc599bd69add087d56,false,-22445812431528700,75833759664870,-22521646191193570
0xeeeeeeeeeeeeeeeeeeeeeeeeeeeeeeeeeeeeeeee,0x8ac76a51cc950d9822d68b83fe1ad97b32cd580d,false,-20569380528938562,1099728000000000,-21669108528938562
0xeeeeeeeeeeeeeeeeeeeeeeeeeeeeeeeeeeeeeeee,0x55d398326f99059ff775485246999027b3197955,false,-7965522671862005,1817706000000000,-9783228671862005
0x2170ed0880ac9a755fd29b2688956bd959f933f8,0x8ac76a51cc950d9822d68b83fe1ad97b32cd580d,false,-24510394722503187,132104078881329,-24642498801384516
0xbb4cdb9cbd36b01bd1cbaebf2de08d9173bc095c,0xe9e7cea3dedca5984780bafc599bd69add087d56,false,-4901194802121282,1839618000000000,-6740812802121282
0x3ee2200efb3400fabb9aacf31297cbdd1d435d47,0x8ac76a51cc950d9822d68b83fe1ad97b32cd580d,true,357842450204927847,206262675116199622,151579775088728225
0x2170ed0880ac9a755fd29b2688956bd959f933f8,0x55d398326f99059ff775485246999027b3197955,false,-24556829898507557,132104078881329,-24688933977388886
0xbb4cdb9cbd36b01bd1cbaebf2de08d9173bc095c,0x8ac76a51cc950d9822d68b83fe1ad97b32cd580d,false,-15907514422805908,1445684000000000,-17353198422805908
0x3ee2200efb3400fabb9aacf31297cbdd1d435d47,0x55d398326f99059ff775485246999027b3197955,true,228723572693847055,156782946886575651,71940625807271404
0xbb4cdb9cbd36b01bd1cbaebf2de08d9173bc095c,0x55d398326f99059ff775485246999027b3197955,false,-16673237130843945,870684000000000,-17543921130843945
0xeeeeeeeeeeeeeeeeeeeeeeeeeeeeeeeeeeeeeeee,0x1af3f329e8be154074d8769d1ffa4ee058b1dbc3,false,-22799476180586243,1282706000000000,-24082182180586243
0x2170ed0880ac9a755fd29b2688956bd959f933f8,0x1af3f329e8be154074d8769d1ffa4ee058b1dbc3,false,-24743108343525456,132104078881329,-24875212422406785
0x3ee2200efb3400fabb9aacf31297cbdd1d435d47,0x1af3f329e8be154074d8769d1ffa4ee058b1dbc3,true,282895028537217712,212664463026279341,70230565510938371
0x2170ed0880ac9a755fd29b2688956bd959f933f8,0xe9e7cea3dedca5984780bafc599bd69add087d56,false,-22445812431528700,75833759664870,-22521646191193570
0xbb4cdb9cbd36b01bd1cbaebf2de08d9173bc095c,0x1af3f329e8be154074d8769d1ffa4ee058b1dbc3,false,-21326149088665850,1445684000000000,-22771833088665850
0x3ee2200efb3400fabb9aacf31297cbdd1d435d47,0xe9e7cea3dedca5984780bafc599bd69add087d56,true,248910926707243816,143787527228275469,105123399478968347
0xeeeeeeeeeeeeeeeeeeeeeeeeeeeeeeeeeeeeeeee,0xe9e7cea3dedca5984780bafc599bd69add087d56,false,-8597687941173738,1357706000000000,-9955393941173738
0xbb4cdb9cbd36b01bd1cbaebf2de08d9173bc095c,0xe9e7cea3dedca5984780bafc599bd69add087d56,false,-7675875179925714,2022596000000000,-9698471179925714
0xeeeeeeeeeeeeeeeeeeeeeeeeeeeeeeeeeeeeeeee,0x8ac76a51cc950d9822d68b83fe1ad97b32cd580d,false,-17667081134493471,1282706000000000,-18949787134493471
0x2170ed0880ac9a755fd29b2688956bd959f933f8,0x8ac76a51cc950d9822d68b83fe1ad97b32cd580d,false,-24510394722503187,132104078881329,-24642498801384516
0xbb4cdb9cbd36b01bd1cbaebf2de08d9173bc095c,0x8ac76a51cc950d9822d68b83fe1ad97b32cd580d,false,-16193165331703903,1445684000000000,-17638849331703903
0xeeeeeeeeeeeeeeeeeeeeeeeeeeeeeeeeeeeeeeee,0x55d398326f99059ff775485246999027b3197955,false,-14535339816286659,1350684000000000,-15886023816286659
0x3ee2200efb3400fabb9aacf31297cbdd1d435d47,0x8ac76a51cc950d9822d68b83fe1ad97b32cd580d,true,357842450204927847,206262675116199622,151579775088728225
0x2170ed0880ac9a755fd29b2688956bd959f933f8,0x55d398326f99059ff775485246999027b3197955,false,-24556829898507557,132104078881329,-24688933977388886
0xbb4cdb9cbd36b01bd1cbaebf2de08d9173bc095c,0x55d398326f99059ff775485246999027b3197955,false,-16958878337675496,870684000000000,-17829562337675496
0x3ee2200efb3400fabb9aacf31297cbdd1d435d47,0x55d398326f99059ff775485246999027b3197955,true,228723572693847055,156782946886575651,71940625807271404
0xeeeeeeeeeeeeeeeeeeeeeeeeeeeeeeeeeeeeeeee,0x1af3f329e8be154074d8769d1ffa4ee058b1dbc3,false,-19039466494347140,1275684000000000,-20315150494347140
0x3ee2200efb3400fabb9aacf31297cbdd1d435d47,0x1af3f329e8be154074d8769d1ffa4ee058b1dbc3,true,282895028537217712,212664463026279341,70230565510938371
0xeeeeeeeeeeeeeeeeeeeeeeeeeeeeeeeeeeeeeeee,0xe9e7cea3dedca5984780bafc599bd69add087d56,false,-18002114319764314,1357706000000000,-19359820319764314
0x2170ed0880ac9a755fd29b2688956bd959f933f8,0x1af3f329e8be154074d8769d1ffa4ee058b1dbc3,false,-24743165178441276,132104078881329,-24875269257322605
0xbb4cdb9cbd36b01bd1cbaebf2de08d9173bc095c,0x1af3f329e8be154074d8769d1ffa4ee058b1dbc3,false,-15305329509270063,1628662000000000,-16933991509270063
0xeeeeeeeeeeeeeeeeeeeeeeeeeeeeeeeeeeeeeeee,0x8ac76a51cc950d9822d68b83fe1ad97b32cd580d,false,-24900224623018144,1123662000000000,-26023886623018144
0x3ee2200efb3400fabb9aacf31297cbdd1d435d47,0xe9e7cea3dedca5984780bafc599bd69add087d56,true,248910926707243816,143787527228275469,105123399478968347
0x2170ed0880ac9a755fd29b2688956bd959f933f8,0xe9e7cea3dedca5984780bafc599bd69add087d56,false,-22445812431528700,75833759664870,-22521646191193570
0xeeeeeeeeeeeeeeeeeeeeeeeeeeeeeeeeeeeeeeee,0x55d398326f99059ff775485246999027b3197955,false,-23578792966198270,991750000000000,-24570542966198270
0xbb4cdb9cbd36b01bd1cbaebf2de08d9173bc095c,0xe9e7cea3dedca5984780bafc599bd69add087d56,false,-16396469188883139,1471162000000000,-17867631188883139
0x3ee2200efb3400fabb9aacf31297cbdd1d435d47,0x8ac76a51cc950d9822d68b83fe1ad97b32cd580d,true,357842449978781646,206262675116199622,151579774862582024
0x2170ed0880ac9a755fd29b2688956bd959f933f8,0x8ac76a51cc950d9822d68b83fe1ad97b32cd580d,false,-24510459915376755,132104078881329,-24642563994258084
0xbb4cdb9cbd36b01bd1cbaebf2de08d9173bc095c,0x8ac76a51cc950d9822d68b83fe1ad97b32cd580d,false,-25924966234853942,896750000000000,-26821716234853942
0x3ee2200efb3400fabb9aacf31297cbdd1d435d47,0x55d398326f99059ff775485246999027b3197955,true,228723572693847055,156782946886575651,71940625807271404
0x2170ed0880ac9a755fd29b2688956bd959f933f8,0x55d398326f99059ff775485246999027b3197955,false,-24557076573662561,132104078881329,-24689180652543890
0xbb4cdb9cbd36b01bd1cbaebf2de08d9173bc095c,0x55d398326f99059ff775485246999027b3197955,false,-22706104657329597,1070206000000000,-23776310657329597
0xeeeeeeeeeeeeeeeeeeeeeeeeeeeeeeeeeeeeeeee,0x1af3f329e8be154074d8769d1ffa4ee058b1dbc3,false,-29204491254004215,923772000000000,-30128263254004215
0x3ee2200efb3400fabb9aacf31297cbdd1d435d47,0x1af3f329e8be154074d8769d1ffa4ee058b1dbc3,true,282895028537217712,212664463026279341,70230565510938371
0x2170ed0880ac9a755fd29b2688956bd959f933f8,0x1af3f329e8be154074d8769d1ffa4ee058b1dbc3,false,-24743302566317922,132104078881329,-24875406645199251
0xbb4cdb9cbd36b01bd1cbaebf2de08d9173bc095c,0x1af3f329e8be154074d8769d1ffa4ee058b1dbc3,false,-24262454412004296,1269728000000000,-25532182412004296
0xeeeeeeeeeeeeeeeeeeeeeeeeeeeeeeeeeeeeeeee,0xe9e7cea3dedca5984780bafc599bd69add087d56,false,-22355763014572247,989250000000000,-23345013014572247
0xeeeeeeeeeeeeeeeeeeeeeeeeeeeeeeeeeeeeeeee,0x8ac76a51cc950d9822d68b83fe1ad97b32cd580d,false,-12703550483737070,923772000000000,-13627322483737070
0xbb4cdb9cbd36b01bd1cbaebf2de08d9173bc095c,0xe9e7cea3dedca5984780bafc599bd69add087d56,false,-17384589178973260,1471162000000000,-18855751178973260
0x3ee2200efb3400fabb9aacf31297cbdd1d435d47,0xe9e7cea3dedca5984780bafc599bd69add087d56,true,248910926707243816,143787527228275469,105123399478968347
0x2170ed0880ac9a755fd29b2688956bd959f933f8,0xe9e7cea3dedca5984780bafc599bd69add087d56,false,-22445812431528700,75833759664870,-22521646191193570
0xeeeeeeeeeeeeeeeeeeeeeeeeeeeeeeeeeeeeeeee,0x55d398326f99059ff775485246999027b3197955,false,-13417213090611525,916750000000000,-14333963090611525
0xbb4cdb9cbd36b01bd1cbaebf2de08d9173bc095c,0x8ac76a51cc950d9822d68b83fe1ad97b32cd580d,false,-13410358388047340,896750000000000,-14307108388047340
0x3ee2200efb3400fabb9aacf31297cbdd1d435d47,0x8ac76a51cc950d9822d68b83fe1ad97b32cd580d,true,357842449978781646,206262675116199622,151579774862582024
0x2170ed0880ac9a755fd29b2688956bd959f933f8,0x8ac76a51cc950d9822d68b83fe1ad97b32cd580d,false,-24506873224741325,132104078881329,-24638977303622654
0x3ee2200efb3400fabb9aacf31297cbdd1d435d47,0x55d398326f99059ff775485246999027b3197955,true,207130557825601484,156782946886575651,50347610939025833
0xbb4cdb9cbd36b01bd1cbaebf2de08d9173bc095c,0x55d398326f99059ff775485246999027b3197955,false,-12404918916479413,1079728000000000,-13484646916479413
0x2170ed0880ac9a755fd29b2688956bd959f933f8,0x55d398326f99059ff775485246999027b3197955,false,-40079312262692544,132104078881329,-40211416341573873
0xeeeeeeeeeeeeeeeeeeeeeeeeeeeeeeeeeeeeeeee,0x1af3f329e8be154074d8769d1ffa4ee058b1dbc3,false,-13803019208021750,1099728000000000,-14902747208021750
0x3ee2200efb3400fabb9aacf31297cbdd1d435d47,0x1af3f329e8be154074d8769d1ffa4ee058b1dbc3,true,282895028537217712,212664463026279341,70230565510938371
0xbb4cdb9cbd36b01bd1cbaebf2de08d9173bc095c,0x1af3f329e8be154074d8769d1ffa4ee058b1dbc3,false,-13444592251183983,896750000000000,-14341342251183983
0xeeeeeeeeeeeeeeeeeeeeeeeeeeeeeeeeeeeeeeee,0xe9e7cea3dedca5984780bafc599bd69add087d56,false,-11761247154484464,714728000000000,-12475975154484464
0x2170ed0880ac9a755fd29b2688956bd959f933f8,0x1af3f329e8be154074d8769d1ffa4ee058b1dbc3,false,-24739353422644043,132104078881329,-24871457501525372
0x3ee2200efb3400fabb9aacf31297cbdd1d435d47,0xe9e7cea3dedca5984780bafc599bd69add087d56,true,248910926707243816,143787527228275469,105123399478968347
0xeeeeeeeeeeeeeeeeeeeeeeeeeeeeeeeeeeeeeeee,0x8ac76a51cc950d9822d68b83fe1ad97b32cd580d,false,-14796649071056350,916750000000000,-15713399071056350
0xeeeeeeeeeeeeeeeeeeeeeeeeeeeeeeeeeeeeeeee,0x55d398326f99059ff775485246999027b3197955,false,-14743947993440070,916750000000000,-15660697993440070
0xbb4cdb9cbd36b01bd1cbaebf2de08d9173bc095c,0xe9e7cea3dedca5984780bafc599bd69add087d56,false,-8523543595833778,1003662000000000,-9527205595833778
